Symbol,Security Name
20MICRONS.NS,20 MICRONS LTD
21STCENMGM.NS,21ST CENTURY MGMT SERVICE
3IINFOLTD.NS,3I INFOTECH LIMITED
3MINDIA.NS,3M INDIA LIMITED
3PLAND.NS,3P LAND HOLDINGS LIMITED
3RDROCK.NS,3RD ROCK MULTIMEDIA LTD
5PAISA.NS,5PAISA CAPITAL LIMITED
63MOONS.NS,63 MOONS TECHNOLOGIES LTD
A2ZINFRA.NS,A2Z INFRA ENGINEERING LTD
AAATECH.NS,AAA TECHNOLOGIES LIMITED
AADHARHFC.NS,AADHAR HOUSING FINANCE L
AAKASH.NS,AAKASH EXPLORATION SER L
AAREYDRUGS.NS,AAREY DRUGS & PHARM LTD
AARON.NS,AARON INDUSTRIES LIMITED
AARTECH.NS,AARTECH SOLONICS LIMITED
AARTIDRUGS.NS,AARTI DRUGS LTD.
AARTIIND.NS,AARTI INDUSTRIES LTD
AARTIPHARM.NS,AARTI PHARMALABS LIMITED
AARTISURF.NS,AARTI SURFACTANTS LIMITED
AARVEEDEN.NS,AARVEE DEN. & EXP. LTD
AARVI.NS,AARVI ENCON LIMITED
AATMAJ.NS,AATMAJ HEALTHCARE LIMITED
AAVAS.NS,AAVAS FINANCIERS LIMITED
ABAN.NS,ABAN OFFSHORE LTD.
ABB.NS,ABB INDIA LIMITED
ABBOTINDIA.NS,ABBOTT INDIA LIMITED
ABCAPITAL.NS,ADITYA BIRLA CAPITAL LTD.
ABCOTS.NS,A B COTSPIN INDIA LIMITED
ABDL.NS,ALLIED BLEND N DISTILS L
ABFRL.NS,ADITYA BIRLA FASHION & RT
ABINFRA.NS,A B INFRABUILD LIMITED
ABMINTLLTD.NS,ABM INTERNATIONAL LTD
ABREL.NS,ADITYA BIRLA REAL EST LTD
ABSLAMC.NS,ADIT BIRL SUN LIF AMC LTD
ABSMARINE.NS,ABS MARINE SERVICES LTD
ACC.NS,ACC LIMITED
ACCELYA.NS,ACCELYA SOLN INDIA LTD
ACCENTMIC.NS,ACCENT MICROCELL LIMITED
ACCORD.NS,ACCORD SYNERGY LIMITED
ACCURACY.NS,ACCURACY SHIPPING LIMITED
ACE.NS,ACTION CONST EQUIP LTD
ACEINTEG.NS,ACE INTEGRATED SOLU. LTD.
ACI.NS,ARCHEAN CHEMICAL IND LTD
ACL.NS,ANDHRA CEMENTS LIMITED
ACMESOLAR.NS,ACME SOLAR HOLDINGS LTD
ADANIENSOL.NS,ADANI ENERGY SOLUTION LTD
ADANIENT.NS,ADANI ENTERPRISES LIMITED
ADANIGREEN.NS,ADANI GREEN ENERGY LTD
ADANIPORTS.NS,ADANI PORT & SEZ LTD
ADANIPOWER.NS,ADANI POWER LTD
ADFFOODS.NS,ADF FOODS LIMITED
ADL.NS,ARCHIDPLY DECOR LIMITED
ADORWELD.NS,ADOR WELDING LTD
ADROITINFO.NS,ADROIT INFOTECH LIMITED
ADSL.NS,ALLIED DIGITAL SERV. LTD
ADVANIHOTR.NS,ADVANI HOT.& RES.(I) LTD
ADVENZYMES.NS,ADVANCED ENZYME TECH LTD
AEGISLOG.NS,AEGIS LOGISTICS LIMITED
AEROFLEX.NS,AEROFLEX INDUSTRIES LTD
AETHER.NS,AETHER INDUSTRIES LIMITED
AFCONS.NS,AFCONS INFRASTRUCTURE LTD
AFFLE.NS,AFFLE (INDIA) LIMITED
AFFORDABLE.NS,AFFORD ROBO & AUTO LTD
AFIL.NS,AKME FINTRADE (INDIA) LTD
AGARIND.NS,AGARWAL INDS CORP LTD.
AGARWALFT.NS,AGARWAL FLOAT GLASS I LTD
AGIIL.NS,AGI INFRA LIMITED
AGNI.NS,AGNI GREEN POWER LTD
AGRITECH.NS,AGRI-TECH (INDIA) LIMITED
AGROPHOS.NS,AGRO PHOS INDIA LIMITED
AGSTRA.NS,AGS TRANSACT TECH LTD
AGUL.NS,A G UNIVERSAL LIMITED
AHIMSA.NS,AHIMSA INDUSTRIES LTD.
AHL.NS,ABANS HOLDINGS LIMITED
AHLADA.NS,AHLADA ENGINEERS LIMITED
AHLEAST.NS,ASIAN HOTELS (EAST) LTD
AHLUCONT.NS,AHLUWALIA CONT IND LTD
AIAENG.NS,AIA ENGINEERING LIMITED
AIIL.NS,AUTHUM INVEST & INFRA LTD
AILIMITED.NS,ABHISHEK INTEGRATIONS LTD
AIMTRON.NS,AIMTRON ELECTRONICS LTD
AIRAN.NS,AIRAN LIMITED
AIROLAM.NS,AIRO LAM LIMITED
AISL.NS,ANI INTEGRATED SERV LTD.
AJANTPHARM.NS,AJANTA PHARMA LIMITED
AJMERA.NS,AJMERA REALTY & INF I LTD
AJOONI.NS,AJOONI BIOTECH LIMITED
AKASH.NS,AKASH INFRA-PROJECTS LTD
AKG.NS,AKG EXIM LIMITED
AKI.NS,AKI INDIA LIMITED
AKIKO.NS,AKIKO GLOBAL SERVICES L
AKSHAR.NS,AKSHAR SPINTEX LIMITED
AKSHARCHEM.NS,AKSHARCHEM INDIA LIMITED
AKSHOPTFBR.NS,AKSH OPTIFIBRE  LTD
AKUMS.NS,AKUMS DRUGS AND PHARMA L
AKZOINDIA.NS,AKZO NOBEL INDIA LIMITED
ALANKIT.NS,ALANKIT LIMITED
ALBERTDAVD.NS,ALBERT DAVID LIMITED
ALEMBICLTD.NS,ALEMBIC LIMITED
ALICON.NS,ALICON CASTALLOY LIMITED
ALKALI.NS,ALKALI METALS LTD
ALKEM.NS,ALKEM LABORATORIES LTD.
ALKYLAMINE.NS,ALKYL AMINES CHEM. LTD
ALLCARGO.NS,ALLCARGO LOGISTICS LTD
ALLDIGI.NS,ALLDIGI TECH LIMITED
ALLETEC.NS,ALL E TECHNOLOGIES LTD
ALMONDZ.NS,ALMONDZ GLOBAL SEC LTD
ALOKINDS.NS,ALOK INDUSTRIES LIMITED
ALPA.NS,ALPA LABORATORIES LTD
ALPEXSOLAR.NS,ALPEX SOLAR LIMITED
ALPHAGEO.NS,ALPHAGEO (INDIA) LIMITED
ALPSINDUS.NS,ALPS INDUSTRIES LTD.
ALUWIND.NS,ALUWIND ARCHITECTURAL LTD
AMBER.NS,AMBER ENTERPRISES (I) LTD
AMBEY.NS,AMBEY LABORATORIES LTD
AMBICAAGAR.NS,AMBICA AGAR & AROMAINDLTD
AMBIKCO.NS,AMBIKA COTTON MILL LTD.
AMBUJACEM.NS,AMBUJA CEMENTS LTD
AMDIND.NS,AMD INDUSTRIES LIMITED
AMEYA.NS,AMEYA PRECISION ENG LTD
AMIABLE.NS,AMIABLE LOGISTICS (I) LTD
AMIORG.NS,AMI ORGANICS LIMITED
AMJLAND.NS,AMJ LAND HOLDINGS LIMITED
AMJUMBO.NS,A AND M JUMBO BAGS LTD
AMNPLST.NS,AMINES & PLASTICIZERS LTD
AMRUTANJAN.NS,AMRUTAJAN HEALTH LTD
ANANDRATHI.NS,ANAND RATHI WEALTH LTD
ANANTRAJ.NS,ANANT RAJ LIMITED
ANDHRAPAP.NS,ANDHRA PAPER LIMITED
ANDHRSUGAR.NS,ANDHRA SUGARS LTD
ANGELONE.NS,ANGEL ONE LIMITED
ANIKINDS.NS,ANIK INDUSTRIES LTD
ANLON.NS,ANLON TECHNOLOGY SOL LTD
ANMOL.NS,ANMOL INDIA LIMITED
ANNAPURNA.NS,ANNAPURNA SWADISHT LTD
ANTGRAPHIC.NS,ANTARCTICA LTD
ANUHPHR.NS,ANUH PHARMA LIMITED
ANUP.NS,THE ANUP ENGINEERING LTD
ANURAS.NS,ANUPAM RASAYAN INDIA LTD
APARINDS.NS,APAR INDUSTRIES LTD.
APCL.NS,ANJANI PORTLAND CEM LTD
APCOTEXIND.NS,APCOTEX INDUSTRIES LIMITE
APEX.NS,APEX FROZEN FOODS LIMITED
APLAPOLLO.NS,APL APOLLO TUBES LTD
APLLTD.NS,ALEMBIC PHARMA LTD
APOLLO.NS,APOLLO MICRO SYSTEMS LTD
APOLLOHOSP.NS,APOLLO HOSPITALS ENTER. L
APOLLOPIPE.NS,APOLLO PIPES LIMITED
APOLLOTYRE.NS,APOLLO TYRES LTD
APOLSINHOT.NS,APOLLO SINDOORI HOTEL LTD
APS.NS,AUSTRALIAN PREM SOLAR I L
APTECHT.NS,APTECH LIMITED
APTUS.NS,APTUS VALUE HSG FIN I LTD
ARABIAN.NS,ARABIAN PETROLEUM LIMITED
ARCHIDPLY.NS,ARCHIDPLY IND. LTD
ARCHIES.NS,ARCHIES LTD
ARE&M.NS,AMARA RAJA ENERGY MOB LTD
ARENTERP.NS,RAJDARSHAN INDUSTRIES LTD
ARIES.NS,ARIES AGRO LTD.
ARIHANTACA.NS,ARIHANT ACADEMY LIMITED
ARIHANTCAP.NS,ARIHANT CAPITAL MKTS LTD
ARIHANTSUP.NS,ARIHANT SUPERSTRUCT LTD
ARISTO.NS,ARISTO BIO T AND LIFESC L
ARKADE.NS,ARKADE DEVELOPERS LIMITED
ARMANFIN.NS,ARMAN FIN SERV LTD
AROGRANITE.NS,ARO GRANITE IND. LTD.
ARROWGREEN.NS,ARROW GREENTECH LIMITED
ARSHIYA.NS,ARSHIYA LIMITED
ARTEMISMED.NS,ARTEMIS MED SERVICE LTD
ARTNIRMAN.NS,ART NIRMAN LIMITED
ARVEE.NS,ARVEE LABORATORIES I LTD
ARVIND.NS,ARVIND LIMITED
ARVINDFASN.NS,ARVIND FASHIONS LIMITED
ARVSMART.NS,ARVIND SMARTSPACES LTD
ASAHIINDIA.NS,ASAHI INDIA GLASS LIMITED
ASAHISONG.NS,ASAHI SONGWON COLOR LTD
ASAL.NS,AUTOMOTIVE STAMPINGS & AS
ASALCBR.NS,ASSO ALCOHOLS & BREW LTD
ASCOM.NS,ASCOM LEASIN & INVEST LTD
ASHAPURMIN.NS,ASHAPURA MINECHEM LTD
ASHIANA.NS,ASHIANA HOUSING LTD
ASHIMASYN.NS,ASHIMA LTD
ASHOKA.NS,ASHOKA BUILDCON LTD
ASHOKAMET.NS,ASHOKA METCAST LIMITED
ASHOKLEY.NS,ASHOK LEYLAND LTD
ASIANENE.NS,ASIAN ENERGY SERVICES LTD
ASIANHOTNR.NS,ASIAN HOTELS (NORTH) LTD
ASIANPAINT.NS,ASIAN PAINTS LIMITED
ASIANTILES.NS,ASIAN GRANITO IND. LTD.
ASKAUTOLTD.NS,ASK AUTOMOTIVE LIMITED
ASLIND.NS,ASL INDUSTRIES LIMITED
ASMS.NS,BARTRONICS INDIA LIMITED
ASPINWALL.NS,ASPINWALL & CO LTD
ASPIRE.NS,ASPIRE & INNOVATIVE ADV L
ASTEC.NS,ASTEC LIFESCIENCES LTD
ASTERDM.NS,ASTER DM HEALTHCARE LTD.
ASTRAL.NS,ASTRAL LIMITED
ASTRAMICRO.NS,ASTRA MICROWAVE LTD
ASTRAZEN.NS,ASTRAZENECA PHARMA IND LT
ASTRON.NS,ASTRON PAPER BORD MIL LTD
ATALREAL.NS,ATAL REALTECH LIMITED
ATAM.NS,ATAM VALVES LIMITED
ATFL.NS,AGRO TECH FOODS LIMITED
ATGL.NS,ADANI TOTAL GAS LIMITED
ATL.NS,ALLCARGO TERMINALS LTD
ATLANTAA.NS,ATLANTAA LIMITED
ATLASCYCLE.NS,ATLAS CYCLE (HARYANA) LTD
ATMASTCO.NS,ATMASTCO LIMITED
ATUL.NS,ATUL LTD
ATULAUTO.NS,ATUL AUTO LIMITED
AUBANK.NS,AU SMALL FINANCE BANK LTD
AURDIS.NS,AURANGABAD DISTILLERY LTD
AURIONPRO.NS,AURIONPRO SOLN LTD
AUROIMPEX.NS,AURO IMPEX & CHEMICALS L
AUROPHARMA.NS,AUROBINDO PHARMA LTD
AUSOMENT.NS,AUSOM ENTERPRISE LIMITED
AUTOAXLES.NS,AUTOMOTIVE AXLES LIMITED
AUTOIND.NS,AUTOLINE INDUSTRIES LTD
AVADHSUGAR.NS,AVADH SUG & ENERGY LTD
AVALON.NS,AVALON TECHNOLOGIES LTD
AVANTEL.NS,AVANTEL LIMITED
AVANTIFEED.NS,AVANTI FEEDS LIMITED
AVG.NS,AVG LOGISTICS LIMITED
AVL.NS,ADITYA VISION LIMITED
AVONMORE.NS,AVONMORE CAP&MGT SERV LTD
AVPINFRA.NS,AVP INFRACON LIMITED
AVROIND.NS,AVRO INDIA LIMITED
AVSL.NS,AVSL INDUSTRIES LIMITED
AVTNPL.NS,AVT NATURAL PRODUCTS LTD
AWFIS.NS,AWFIS SPACE SOLUTIONS LTD
AWHCL.NS,ANTONY WASTE HDG CELL LTD
AWL.NS,ADANI WILMAR LIMITED
AXISBANK.NS,AXIS BANK LIMITED
AXISCADES.NS,AXISCADES TECH LTD
AXITA.NS,AXITA COTTON LIMITED
AYMSYNTEX.NS,AYM SYNTEX LIMITED
AZAD.NS,AZAD ENGINEERING LIMITED
BABAFP.NS,BABA FOOD PROCESSING
BAFNAPH.NS,BAFNA PHARMACEUTICALS LTD
BAGFILMS.NS,B.A.G FILMS AND MEDIA LTD
BAHETI.NS,BAHETI RECYCLING IND LTD
BAIDFIN.NS,BAID FINSERV LIMITED
BAJAJ-AUTO.NS,BAJAJ AUTO LIMITED
BAJAJCON.NS,BAJAJ CONSUMER CARE LTD
BAJAJELEC.NS,BAJAJ ELECT.LTD
BAJAJFINSV.NS,BAJAJ FINSERV LTD.
BAJAJHCARE.NS,BAJAJ HEALTHCARE LIMITED
BAJAJHFL.NS,BAJAJ HOUSING FINANCE LTD
BAJAJHIND.NS,BAJAJ HINDUSTHAN SUGAR LT
BAJAJHLDNG.NS,BAJAJ HOLDINGS & INVS LTD
BAJEL.NS,BAJEL PROJECTS LIMITED
BAJFINANCE.NS,BAJAJ FINANCE LIMITED
BALAJEE.NS,SHREE TIRUPATI BALAJEE L
BALAJITELE.NS,BALAJI TELEFILMS LTD.
BALAMINES.NS,BALAJI AMINES LIMITED
BALAXI.NS,BALAXI PHARMA LTD
BALKRISHNA.NS,BALKRISHNA PAPER MILLS L
BALKRISIND.NS,BALKRISHNA IND. LTD
BALMLAWRIE.NS,BALMER LAWRIE & CO LTD
BALPHARMA.NS,BAL PHARMA LTD.
BALRAMCHIN.NS,BALRAMPUR CHINI MILLS LTD
BALUFORGE.NS,BALU FORGE INDUSTRIES LTD
BANARBEADS.NS,BANARASBEADSLTD-ROLLSETT
BANARISUG.NS,BANNARI AMMAN SUGARS LTD
BANCOINDIA.NS,BANCO PRODUCTS (I) LTD
BANDHANBNK.NS,BANDHAN BANK LIMITED
BANG.NS,BANG OVERSEAS LTD.
BANKA.NS,BANKA BIOLOO LIMITED
BANKBARODA.NS,BANK OF BARODA
BANKINDIA.NS,BANK OF INDIA
BANSALWIRE.NS,BANSAL WIRE INDUSTRIES L
BANSWRAS.NS,BANSWARA SYNTEX LIMITED
BARBEQUE.NS,BARBEQUE NATION HOSP. LTD
BASF.NS,BASF INDIA LTD
BASILIC.NS,BASILIC FLY STUDIO LTD
BASML.NS,BANNARI AM SPIN MILL LTD.
BATAINDIA.NS,BATA INDIA LTD
BAWEJA.NS,BAWEJA STUDIOS LIMITED
BAYERCROP.NS,BAYER CROPSCIENCE LTD
BBL.NS,BHARAT BIJLEE LTD
BBOX.NS,BLACK BOX LIMITED
BBTC.NS,BOMBAY BURMAH TRADING COR
BBTCL.NS,B&B TRIPLEWALL CONT LTD
BCLIND.NS,BCL INDUSTRIES LIMITED
BCONCEPTS.NS,BRAND CONCEPTS LIMITED
BDL.NS,BHARAT DYNAMICS LIMITED
BEACON.NS,BEACON TRUSTEESHIP LTD
BEARDSELL.NS,BEARDSELL LIMITED
BECTORFOOD.NS,MRS BECTORS FOOD SPE LTD
BEDMUTHA.NS,BEDMUTHA INDUST LTD
BEL.NS,BHARAT ELECTRONICS LTD
BEML.NS,BEML LIMITED
BEPL.NS,BHANSALI ENG. POLYMERS LT
BERGEPAINT.NS,BERGER PAINTS (I) LTD
BESTAGRO.NS,BEST AGROLIFE LIMITED
BETA.NS,BETA DRUGS LIMITED
BEWLTD.NS,BEW ENGINEERING LIMITED
BFINVEST.NS,BF INVESTMENT LIMITED
BFUTILITIE.NS,BF UTILITIES LIMITED
BGRENERGY.NS,BGR ENERGY SYSTEMS LTD
BHAGCHEM.NS,BHAGIRADHA CHEM & INDS L
BHAGERIA.NS,BHAGERIA INDUSTRIES LTD
BHAGYANGR.NS,BHAGYANAGAR INDIA LIMITED
BHANDARI.NS,BHANDARI HOSIERY EXP LTD
BHARATFORG.NS,BHARAT FORGE LTD
BHARATGEAR.NS,BHARAT GEARS LTD.
BHARATRAS.NS,BHARAT RASAYAN LTD
BHARATWIRE.NS,BHARAT WIRE ROPES LTD.
BHARTIARTL.NS,BHARTI AIRTEL LIMITED
BHARTIHEXA.NS,BHARTI HEXACOM LIMITED
BHEL.NS,BHEL
BIGBLOC.NS,BIGBLOC CONSTRUCTION LTD
BIKAJI.NS,BIKAJI FOODS INTERN LTD
BIL.NS,BHARTIYA INETRNATIONAL LT
BINANIIND.NS,BINANI INDUSTRIES LTD
BIOCON.NS,BIOCON LIMITED.
BIOFILCHEM.NS,BIOFIL CHEM & PHARMA LTD
BIRDYS.NS,GRILL SPLENDOUR SER LTD
BIRET.NS,BROOKFIELD INDIA RET
BIRLACABLE.NS,BIRLA CABLE LIMITED
BIRLACORPN.NS,BIRLA CORPORATION LTD
BIRLAMONEY.NS,ADITYA BIRLA MONEY LTD
BLACKBUCK.NS,ZINKA LOGISTICS SOL LTD
BLAL.NS,BEML LAND ASSETS LIMITED
BLBLIMITED.NS,BLB LIMITED
BLISSGVS.NS,BLISS GVS PHARMA LTD
BLKASHYAP.NS,B.L.KASHYAP & SON LTD
BLS.NS,BLS INTL SERVS LTD
BLSE.NS,BLS E-SERVICES LIMITED
BLUECHIP.NS,BLUE CHIP INDIA LIMITED
BLUECOAST.NS,BLUE COAST HOTELS LIMITED
BLUEDART.NS,BLUE DART EXPRESS LTD
BLUEJET.NS,BLUE JET HEALTHCARE LTD
BLUEPEBBLE.NS,BLUE PEBBLE LIMITED
BLUESTARCO.NS,BLUE STAR LIMITED
BMETRICS.NS,BOMBAY METRICS S C LTD
BODALCHEM.NS,BODAL CHEMICALS LTD
BOMDYEING.NS,BOMBAY DYEING & MFG. CO L
BOROLTD.NS,BOROSIL LIMITED
BORORENEW.NS,BOROSIL RENEWABLES LTD
BOROSCI.NS,BOROSIL SCIENTIFIC LTD
BOSCHLTD.NS,BOSCH LIMITED
BPCL.NS,BHARAT PETROLEUM CORP  LT
BPL.NS,BPL LTD
BRIGADE.NS,BRIGADE ENTER. LTD
BRITANNIA.NS,BRITANNIA INDUSTRIES LTD
BRNL.NS,BHARAT ROAD NETWORK LTD
BROOKS.NS,BROOKS LAB LIMITED
BSE.NS,BSE LIMITED
BSHSL.NS,BOMBAY SUPER HYBRID SEEDS
BSL.NS,BSL LTD
BSOFT.NS,BIRLASOFT LIMITED
BTML.NS,BODHI TREE MULTIMEDIA LTD
BURNPUR.NS,BURNPUR CEMENT LTD.
BUTTERFLY.NS,BTRFLY GANDHI APPL LTD
BVCL.NS,BARAK VALLEY CEM. LTD.
BYKE.NS,THE BYKE HOSPITALITY LTD
CADSYS.NS,CADSYS (INDIA) LIMITED
CALSOFT.NS,CALIFORNIA SOFTWARE CO LT
CAMLINFINE.NS,CAMLIN FINE SCIENCES LTD
CAMPUS.NS,CAMPUS ACTIVEWEAR LIMITED
CAMS.NS,COMPUTER AGE MNGT SER LTD
CANARYS.NS,CANARYS AUTOMATIONS LTD
CANBK.NS,CANARA BANK
CANFINHOME.NS,CAN FIN HOMES LTD
CANTABIL.NS,CANTABIL RETAIL LTD
CAPACITE.NS,CAPACITE INFRAPROJECT LTD
CAPITALSFB.NS,CAPITAL SMALL FIN BANK L
CAPLIPOINT.NS,CAPLIN POINT LAB LTD.
CAPTRUST.NS,CAPITAL TRUST LIMITED
CARBORUNIV.NS,CARBORUNDUM UNIVERSAL LTD
CAREERP.NS,CAREER POINT LIMITED
CARERATING.NS,CARE RATINGS LIMITED
CARRARO.NS,CARRARO INDIA LIMITED
CARTRADE.NS,CARTRADE TECH LIMITED
CARYSIL.NS,CARYSIL LIMITED
CASTROLIND.NS,CASTROL INDIA LIMITED
CBAZAAR.NS,NET AVENUE TECHNOLOGIES L
CCCL.NS,CONS. CONST. CONSORT LTD
CCHHL.NS,COUNTRY CLUB HOSP HOL LTD
CCL.NS,CCL PRODUCTS (I) LTD
CDSL.NS,CENTRAL DEPO SER (I) LTD
CEATLTD.NS,CEAT LIMITED
CEIGALL.NS,CEIGALL INDIA LIMITED
CELEBRITY.NS,CELEBRITY FASHIONS LTD
CELLECOR.NS,CELLECOR GADGETS LIMITED
CELLO.NS,CELLO WORLD LIMITED
CELLPOINT.NS,CELL POINT (INDIA) LTD
CENTENKA.NS,CENTURY ENKA LTD
CENTEXT.NS,CENTURY EXTRUSIONS LTD
CENTRALBK.NS,CENTRAL BANK OF INDIA
CENTRUM.NS,CENTRUM CAPITAL LIMITED
CENTUM.NS,CENTUM ELECTRONICS LTD
CENTURYPLY.NS,CENTURY PLYBOARDS (I) LTD
CERA.NS,CERA SANITARYWARE LTD
CEREBRAINT.NS,CEREBRA INT TECH LTD
CESC.NS,CESC LTD
CEWATER.NS,CONCORD ENVIRO SYSTEMS L
CGCL.NS,CAPRI GLOBAL CAPITAL LTD
CGPOWER.NS,CG POWER AND IND SOL LTD
CGRAPHICS.NS,CREATIVE GRAPHICS S IND L
CHALET.NS,CHALET HOTELS LIMITED
CHAMBLFERT.NS,CHAMBAL FERTILIZERS LTD
CHAVDA.NS,CHAVDA INFRA LIMITED
CHEMBOND.NS,CHEMBOND CHEMICALS LTD
CHEMCON.NS,CHEMCON SPECIAL CHEM LTD
CHEMFAB.NS,CHEMFAB ALKALIS LIMITED
CHEMPLASTS.NS,CHEMPLAST SANMAR LIMITED
CHENNPETRO.NS,CHENNAI PETROLEUM CORP LT
CHEVIOT.NS,CHEVIOT COMPANY LIMITED
CHOICEIN.NS,CHOICE INTERNATIONAL LTD
CHOLAFIN.NS,CHOLAMANDALAM IN & FIN CO
CHOLAHLDNG.NS,CHOLAMANDALAM FIN HOL LTD
CIGNITITEC.NS,CIGNITI TECHNOLOGIES LTD
CINELINE.NS,CINELINE INDIA LIMITED
CINEVISTA.NS,CINEVISTA LIMITED
CIPLA.NS,CIPLA LTD
CLEAN.NS,CLEAN SCIENCE & TECH LTD
CLEDUCATE.NS,CL EDUCATE LIMITED
CLOUD.NS,VARANIUM CLOUD LIMITED
CLSEL.NS,CHAMAN LAL SETIA EXP LTD
CLSL.NS,CROP LIFE SCIENCE LIMITED
CMMIPL.NS,CMM INFRAPROJECTS LIMITED
CMNL.NS,CHAMAN METALLICS LIMITED
CMRSL.NS,CYBER MEDIA RES & SER LTD
CMSINFO.NS,CMS INFO SYSTEMS LIMITED
COALINDIA.NS,COAL INDIA LTD
COASTCORP.NS,COASTAL CORPORATION LTD
COCHINSHIP.NS,COCHIN SHIPYARD LIMITED
COFORGE.NS,COFORGE LIMITED
COLPAL.NS,COLGATE PALMOLIVE LTD.
COMMITTED.NS,COMMITTED CARGO CARE LTD
COMPUSOFT.NS,COMPUCOM SOFTWARE LTD
COMSYN.NS,COMMERCIAL SYN BAGS LTD
CONCOR.NS,CONTAINER CORP OF IND LTD
CONCORDBIO.NS,CONCORD BIOTECH LIMITED
CONFIPET.NS,CONFIDENCE PETRO IND LTD.
CONSOFINVT.NS,CONSO. FIN. & HOLD. LTD.
CONTI.NS,CONTINENTAL SEED CHEM LTD
CONTROLPR.NS,CONTROL PRINT LIMITED
COOLCAPS.NS,COOL CAPS INDUSTRIES LTD
CORALFINAC.NS,CORAL INDIA FIN & HOUS LT
CORDSCABLE.NS,CORDS CABLE INDUS LTD.
COROMANDEL.NS,COROMANDEL INTERNTL. LTD
COSMOFIRST.NS,COSMO FIRST LIMITED
COUNCODOS.NS,COUNTRY CONDO S LIMITED
CPS.NS,C P S SHAPERS LIMITED
CRAFTSMAN.NS,CRAFTSMAN AUTOMATION LTD
CRAYONS.NS,CRAYONS ADVERTISING LTD
CREATIVE.NS,CREATIVE NEWTECH LIMITED
CREATIVEYE.NS,CREATIVE EYE LIMITED
CREDITACC.NS,CREDITACCESS GRAMEEN LTD
CREST.NS,CREST VENTURES LIMITED
CRISIL.NS,CRISIL LTD
CROMPTON.NS,CROMPT GREA CON ELEC LTD
CROWN.NS,CROWN LIFTERS LIMITED
CSBBANK.NS,CSB BANK LIMITED
CSLFINANCE.NS,CSL FINANCE LIMITED
CTE.NS,CAMBRIDGE TECH ENTER LTD
CUB.NS,CITY UNION BANK LTD
CUBEXTUB.NS,CUBEX TUBINGS LTD
CUMMINSIND.NS,CUMMINS INDIA LTD
CUPID.NS,CUPID LIMITED
CYBERMEDIA.NS,CYBER MEDIA (INDIA) LTD.
CYBERTECH.NS,CYBERTECH SYSTEMS & SOFTW
CYIENT.NS,CYIENT LIMITED
CYIENTDLM.NS,CYIENT DLM LIMITED
GVPTECH.NS,GVP INFOTECH LIMITED
HEUBACHIND.NS,HEUBACH COLORANTS IND LTD
JWL.NS,JUPITER WAGONS LIMITED
OSWALGREEN.NS,OSWAL GREENTECH LIMITED
RBA.NS,RESTAURANT BRAND ASIA LTD
ZYDUSLIFE.NS,ZYDUS LIFESCIENCES LTD
360ONE.NS,360 ONE WAM LIMITED
ACLGATI.NS,ALLCARGO GATI LIMITED
AGI.NS,AGI GREENPAC LIMITED
DABUR.NS,DABUR INDIA LTD
DALBHARAT.NS,DALMIA BHARAT LIMITED
DALMIASUG.NS,DALMIA BHARAT SUG IN LTD
DAMCAPITAL.NS,DAM CAPITAL ADVISORS LTD
DAMODARIND.NS,DAMODAR INDUSTRIES LTD
DANGEE.NS,DANGEE DUMS LIMITED
DATAMATICS.NS,DATAMATICS GLOBAL SER LTD
DATAPATTNS.NS,DATA PATTERNS INDIA LTD
DAVANGERE.NS,DAVANGERE SUGAR COMPANY L
DBCORP.NS,D.B.CORP LTD
DBEIL.NS,DEEPAK BUILDERS & ENG I L
DBL.NS,DILIP BUILDCON LIMITED
DBOL.NS,DHAMPUR BIO ORGANICS LTD
DBREALTY.NS,VALOR ESTATE LIMITED
DBSTOCKBRO.NS,DB (INT) STOCK BROKERS
DCAL.NS,DISHMAN CARBO AMCIS LTD
DCBBANK.NS,DCB BANK LIMITED
DCG.NS,DCG CABLES & WIRES LTD
DCI.NS,DC INFOTECH AND COMUN LTD
DCM.NS,DCM LTD
DCMFINSERV.NS,DCM FINANCIAL SERVICES LT
DCMNVL.NS,DCM NOUVELLE LIMITED
DCMSHRIRAM.NS,DCM SHRIRAM LIMITED
DCMSRIND.NS,DCM SHRIRAM IND LTD
DCW.NS,DCW LTD
DCXINDIA.NS,DCX SYSTEMS LIMITED
DDEVPLSTIK.NS,DDEV PLASTIKS IND LTD
DECCANCE.NS,DECCAN CEMENTS LIMITED
DEEDEV.NS,DEE DEVELOPMENT ENG LTD
DEEM.NS,DEEM ROLL TECH LIMITED
DEEPAKFERT.NS,DEEPAK FERTILIZERS & PETR
DEEPAKNTR.NS,DEEPAK NITRITE LTD
DEEPINDS.NS,DEEP INDUSTRIES LIMITED
DELAPLEX.NS,DELAPLEX LIMITED
DELHIVERY.NS,DELHIVERY LIMITED
DELPHIFX.NS,DELPHI WORLD MONEY LTD
DELTACORP.NS,DELTA CORP LIMITED
DELTAMAGNT.NS,DELTA MANUFACTURING LTD
DEN.NS,DEN NETWORKS LTD
DENEERS.NS,DE NEERS TOOLS LIMITED
DENORA.NS,DE NORA INDIA LIMITED
DENTALKART.NS,VASA DENTICITY LIMITED
DESTINY.NS,DESTINY LOGISTICS & I LTD
DEVIT.NS,DEV INFO TECHNOLOGY LTD
DEVYANI.NS,DEVYANI INTERNATIONAL LTD
DGCONTENT.NS,DIGICONTENT LIMITED
DHAMPURSUG.NS,DHAMPUR SUGAR MILLS LTD.
DHANBANK.NS,DHANLAXMI BANK LIMITED
DHANI.NS,DHANI SERVICES LIMITED
DHANLAXMI.NS,DHANLAXMI CROP SCIENCE L
DHANUKA.NS,DHANUKA AGRITECH LTD
DHARMAJ.NS,DHARMAJ CROP GUARD LTD
DHRUV.NS,DHRUV CONSULTANCY SER LTD
DHTL.NS,DOCMODE HEALTH TECH LTD
DHUNINV.NS,DHUNSERI INVESTMENTS LTD
DIACABS.NS,DIAMOND POWER INFRA LTD
DIAMINESQ.NS,DIAMINES & CHEMICALS LTD
DIAMONDYD.NS,PRATAAP SNACKS LIMITED
DICIND.NS,DIC INDIA LIMITED
DIFFNKG.NS,DIFFUSION ENGINEERS LTD
DIGIDRIVE.NS,DIGIDRIVE DISTRIBUTORS L
DIGIKORE.NS,DIGIKORE STUDIOS LIMITED
DIGISPICE.NS,DIGISPICE TECHNOLOGIES LT
DIGJAMLMTD.NS,DIGJAM LTD
DIL.NS,DEBOCK INDUSTRIES LIMITED
DISHTV.NS,DISH TV INDIA LTD.
DIVGIITTS.NS,DIVGI TORQTRANSFER SYST L
DIVISLAB.NS,DIVI S LABORATORIES LTD
DIXON.NS,DIXON TECHNO (INDIA) LTD
DJML.NS,DJ MEDIAPRINT & LOG LTD
DKEGL.NS,D K ENTERPRISES GLOBAL L
DLF.NS,DLF LIMITED
DLINKINDIA.NS,D-LINK INDIA LTD
DMART.NS,AVENUE SUPERMARTS LIMITED
DMCC.NS,DMCC SPECIALITY CHEMICALS
DNAMEDIA.NS,DILIGENT MEDIA CORP LTD.
DODLA.NS,DODLA DAIRY LIMITED
DOLATALGO.NS,DOLAT ALGOTECH LIMITED
DOLLAR.NS,DOLLAR INDUSTRIES LIMITED
DOLLEX.NS,DOLLEX AGROTECH LIMITED
DOLPHIN.NS,DOLPHIN OFF ENT (IND) L
DOMS.NS,DOMS INDUSTRIES LIMITED
DONEAR.NS,DONEAR IND. LIMITED
DPABHUSHAN.NS,D. P. ABHUSHAN LIMITED
DPEL.NS,DIVINE POWER ENERGY LTD
DPSCLTD.NS,DPSC LIMITED
DPWIRES.NS,D P WIRES LIMITED
DRCSYSTEMS.NS,DRC SYSTEMS INDIA LIMITED
DREAMFOLKS.NS,DREAMFOLKS SERVICES LTD
DREDGECORP.NS,DREDGING CORP OF INDIA
DRL.NS,DHANUKA REALTY LIMITED
DRONE.NS,DRONE DESTINATION LIMITED
DRREDDY.NS,DR. REDDY S LABORATORIES
DRSDILIP.NS,DRS DILIP ROADLINES LTD.
DSSL.NS,DYNACONS SYS & SOLN LTD
DTIL.NS,DHUNSERI TEA & IND. LTD.
DTL.NS,DIENSTEN TECH LIMITED
DUCOL.NS,DUCOL ORGS AND COLOURS LT
DUCON.NS,DUCON INFRATECHNOLOGIES L
DUGLOBAL.NS,DUDIGITAL GLOBAL LIMITED
DURLAX.NS,DURLAX TOP SURFACE LTD
DVL.NS,DHUNSERI VENTURES LIMITED
DWARKESH.NS,DWARIKESH SUGAR IND LTD
DYCL.NS,DYNAMIC CABLES LIMITED
DYNAMATECH.NS,DYNAMATIC TECHNOLOGIES
DYNAMIC.NS,DYNAMIC SRVCS & SEC LTD
DYNPRO.NS,DYNEMIC PRODUCTS LIMITED
E2E.NS,E2E NETWORKS LIMITED
EASEMYTRIP.NS,EASY TRIP PLANNERS LTD
ECLERX.NS,ECLERX SERVICES LTD
ECOSMOBLTY.NS,ECOS (INDIA) MOB & HOSP L
EDELWEISS.NS,EDELWEISS FIN SERV LTD
EFACTOR.NS,E FACTOR EXPERIENCES LTD
EFFWA.NS,EFFWA INFRA & RESEARCH L
EFORCE.NS,ELECTRO FORCE (INDIA) LTD
EICHERMOT.NS,EICHER MOTORS LTD
EIDPARRY.NS,EID PARRY INDIA LTD
EIEL.NS,ENVIRO INFRA ENGINEERS L
EIFFL.NS,EURO (I) FRESH FOODS LTD
EIHAHOTELS.NS,EIH ASSOCIATED HOTELS LTD
EIHOTEL.NS,EIH LIMITED
EIMCOELECO.NS,EIMCO ELECON (INDIA) LTD
EKC.NS,EVEREST KANTO CYLINDERLTD
ELDEHSG.NS,ELDECO HSG & IND LTD.
ELECON.NS,ELECON ENG. CO. LTD
ELECTCAST.NS,ELECTROSTEEL CASTINGS LTD
ELECTHERM.NS,ELECTROTHERM (I) LTD.
ELGIEQUIP.NS,ELGI EQUIPMENTS LTD
ELGIRUBCO.NS,ELGI RUBBER CO. LTD
ELIN.NS,ELIN ELECTRONICS LIMITED
EMAMILTD.NS,EMAMI LIMITED
EMAMIPAP.NS,EMAMI PAPER MILLS LIMITED
EMBASSY.NS,EMBASSY OFFICE PARKS REIT
EMBDL.NS,EQUINOX INDIA DEV LTD
EMCURE.NS,EMCURE PHARMACEUTICALS L
EMIL.NS,ELECTRONICS MART IND LTD
EMKAY.NS,EMKAY GLOBAL FIN SERV LTD
EMKAYTOOLS.NS,EMKAY TAP & CUT. TOOL LTD
EMMBI.NS,EMMBI INDUSTRIES LIMITED
EMMIL.NS,ENERGY MISSION MACH IND L
EMSLIMITED.NS,EMS LIMITED
EMUDHRA.NS,EMUDHRA LIMITED
ENDURANCE.NS,ENDURANCE TECHNO. LTD.
ENERGYDEV.NS,ENERGY DEVE. CO.LTD
ENFUSE.NS,ENFUSE SOLUTIONS LIMITED
ENGINERSIN.NS,ENGINEERS INDIA LTD
ENIL.NS,ENTERTAIN NET. IND. LTD.
ENSER.NS,ENSER COMMUNICATIONS LTD
ENTERO.NS,ENTERO HEALTHCARE SOLU L
EPACK.NS,EPACK DURABLE LIMITED
EPL.NS,EPL LIMITED
EQUITASBNK.NS,EQUITAS SMALL FIN BNK LTD
ERIS.NS,ERIS LIFESCIENCES LIMITED
ESABINDIA.NS,ESAB INDIA LTD
ESAFSFB.NS,ESAF SMALL FINANCE BANK L
ESCONET.NS,ESCONET TECHNOLOGIES LTD
ESCORTS.NS,ESCORTS KUBOTA LIMITED
ESFL.NS,ESSEN SPECIALITY FILMS L
ESSARSHPNG.NS,ESSAR SHIPPING LTD
ESSENTIA.NS,INTEGRA ESSENTIA LIMITED
ESTER.NS,ESTER INDUSTRIES LTD
ETHOSLTD.NS,ETHOS LIMITED
EUREKAFORB.NS,EUREKA FORBES LIMITED
EUROBOND.NS,EURO PANEL PRODUCTS LTD
EUROTEXIND.NS,EUROTEX IND & EXPORTS LTD
EVEREADY.NS,EVEREADY INDS. IND.  LTD.
EVERESTIND.NS,EVEREST INDUSTRIES LTD
EXCEL.NS,EXCEL REALTY N INFRA LTD
EXCELINDUS.NS,EXCEL INDUSTRIES LTD
EXICOM.NS,EXICOM TELE SYSTEMS LTD
EXIDEIND.NS,EXIDE INDUSTRIES LTD
EXPLEOSOL.NS,EXPLEO SOLUTIONS LIMITED
EXXARO.NS,EXXARO TILES LIMITED
FACT.NS,FACT LTD
FAIRCHEMOR.NS,FAIRCHEM ORGANICS LIMITED
FALCONTECH.NS,FALCON TECHNOPROJ IND LTD
FAZE3Q.NS,FAZE THREE LIMITED
FCL.NS,FINEOTEX CHEMICAL LIMITED
FCSSOFT.NS,FCS SOFTWARE SOLN. LTD.
FDC.NS,FDC LIMITED
FEDERALBNK.NS,FEDERAL BANK LTD
FEDFINA.NS,FEDBANK FINANCIAL SER L
FEL.NS,FUTURE ENTERPRISES LTD
FELDVR.NS,FUTURE ENTERPRISES LTD
FELIX.NS,FELIX INDUSTRIES LTD.
FIBERWEB.NS,FIBERWEB INDIA LIMITED
FIDEL.NS,FIDEL SOFTECH LIMITED
FIEMIND.NS,FIEM INDUSTRIES LIMITED
FILATEX.NS,FILATEX INDIA LTD
FILATFASH.NS,FILATEX FASHIONS LIMITED
FINCABLES.NS,FINOLEX CABLES LTD
FINEORG.NS,FINE ORGANIC IND. LTD.
FINOPB.NS,FINO PAYMENTS BANK LTD
FINPIPE.NS,FINOLEX INDUSTRIES LTD
FIRSTCRY.NS,BRAINBEES SOLUTIONS LTD
FIVESTAR.NS,FIVE-STAR BUS FIN LTD
FLAIR.NS,FLAIR WRITING INDUST LTD
FLEXITUFF.NS,FLEXITUFF VENTURES INT L
FLFL.NS,FUT LIFESTYLE FASH LTD
FLUOROCHEM.NS,GUJARAT FLUOROCHEM LTD
FMGOETZE.NS,FEDERAL-MOGUL GOETZE (IND
FMNL.NS,FUTURE MKT NETWORKS LTD
FOCUS.NS,FOCUS LIGHTG & FIXTRS LTD
FONEBOX.NS,FONEBOX RETAIL LIMITED
FOODSIN.NS,FOODS & INNS LIMITED
FORCEMOT.NS,FORCE MOTORS LIMITED
FORTIS.NS,FORTIS HEALTHCARE LTD
FOSECOIND.NS,FOSECO INDIA LTD
FROG.NS,FROG CELLSAT LIMITED
FSL.NS,FIRSTSOURCE SOLU. LTD.
FUSION.NS,FUSION FINANCE LIMITED
GABRIEL.NS,GABRIEL INDIA LTD
GAEL.NS,GUJARAT AMBUJA EXPORTS LT
GAIL.NS,GAIL (INDIA) LTD
GALAPREC.NS,GALA PRECISION ENG LTD
GALAXYSURF.NS,GALAXY SURFACTANTS LTD
GALLANTT.NS,GALLANTT ISPAT LIMITED
GANDHAR.NS,GANDHAR OIL REFINE IND L
GANDHITUBE.NS,GANDHI SPL. TUBES LTD
GANECOS.NS,GANESHA ECOSPHERE LIMITED
GANESHBE.NS,GANESH BENZOPLAST LIMITED
GANESHHOUC.NS,GANESH HOUSING CORP LTD
GANGAFORGE.NS,GANGA FORGING LIMITED
GANGESSECU.NS,GANGES SECURITIES LIMITED
GARFIBRES.NS,GARWARE TECH FIBRES LTD
GARUDA.NS,GARUDA CONSTRUCT N ENG L
GATEWAY.NS,GATEWAY DISTRIPARKS LTD
GAYAPROJ.NS,GAYATRI PROJECTS LTD
GEECEE.NS,GEECEE VENTURES LIMITED
GEEKAYWIRE.NS,GEEKAY WIRES LIMITED
GENCON.NS,GENERIC ENG CONS PROJ LTD
GENESYS.NS,GENESYS INTL CORPN LTD
GENSOL.NS,GENSOL ENGINEERING LTD
GENUSPAPER.NS,GENUS P&B LIMITED
GENUSPOWER.NS,GENUS POWER INFRASTRU LTD
GEOJITFSL.NS,GEOJIT FINANCIAL SER L
GEPIL.NS,GE POWER INDIA LIMITED
GESHIP.NS,THE GE SHPG.LTD
GFLLIMITED.NS,GFL LIMITED
GGBL.NS,GANESH GREEN BHARAT LTD
GHCL.NS,GHCL LIMITED
GHCLTEXTIL.NS,GHCL TEXTILES LIMITED
GICHSGFIN.NS,GIC HOUSING FINANCE LTD
GICL.NS,GLOBE INTL CARRIERS LTD
GICRE.NS,GENERAL INS CORP OF INDIA
GILLANDERS.NS,GILLANDERS ARBUTHNOT LTD
GILLETTE.NS,GILLETTE INDIA LTD
GINNIFILA.NS,GINNI FILAMENTS LTD
GIPCL.NS,GUJ IND POW CO. LTD
GIRIRAJ.NS,GIRIRAJ CIVIL DEVP LTD
GIRRESORTS.NS,GIR NATUREVIEW RESORT LTD
GKWLIMITED.NS,GKW LIMITED
GLAND.NS,GLAND PHARMA LIMITED
GLAXO.NS,GLAXOSMITHKLINE PHARMA LT
GLENMARK.NS,GLENMARK PHARMACEUTICALS
GLFL.NS,GUJARAT LEASE FINANCING L
GLOBAL.NS,GLOBAL EDUCATION LIMITED
GLOBALE.NS,GLOBALE TESSILE LIMITED
GLOBALPET.NS,GLOBAL PET INDUSTRIES LTD
GLOBALVECT.NS,GLOBAL VEC HELICORP LTD
GLOBE.NS,GLOBE TEXTILES (I) LTD.
GLOBUSSPR.NS,GLOBUS SPIRITS LTD
GLOSTERLTD.NS,GLOSTER LIMITED
GMBREW.NS,G M BREWERIES LTD
GMDCLTD.NS,GUJARAT MINERAL DEV CORP
GMMPFAUDLR.NS,GMM PFAUDLER LIMITED
GMRAIRPORT.NS,GMR AIRPORTS LIMITED
GMRP&UI.NS,GMR POW AND URBAN INFRA L
GNA.NS,GNA AXLES LIMITED
GNFC.NS,GUJ NAR VAL FER & CHEM L
GOACARBON.NS,GOA CARBON LIMITED
GOCLCORP.NS,GOCL CORPORATION LIMITED
GOCOLORS.NS,GO FASHION INDIA LTD
GODAVARIB.NS,GODAVARI BIOREFINERIES L
GODFRYPHLP.NS,GODFREY PHILLIPS INDIA LT
GODHA.NS,GODHA CABCON INSULAT LTD
GODIGIT.NS,GO DIGIT GENERAL INS LTD
GODREJAGRO.NS,GODREJ AGROVET LIMITED
GODREJCP.NS,GODREJ CONSUMER PRODUCTS
GODREJIND.NS,GODREJ INDUSTRIES LTD
GODREJPROP.NS,GODREJ PROPERTIES LTD
GOKEX.NS,GOKALDAS EXPORTS LTD.
GOKUL.NS,GOKUL REFOILS & SOLV LTD
GOKULAGRO.NS,GOKUL AGRO RESOURCES LTD
GOLDENTOBC.NS,GOLDEN TOBACCO LIMITED
GOLDIAM.NS,GOLDIAM INTERNATIONAL LTD
GOLDSTAR.NS,GOLDSTAR POWER LIMITED
GOLDTECH.NS,AION-TECH SOLUTIONS LTD
GOODLUCK.NS,GOODLUCK INDIA LIMITED
GOPAL.NS,GOPAL SNACKS LIMITED
GOYALALUM.NS,GOYAL ALUMINIUMS LIMITED
GOYALSALT.NS,GOYAL SALT LIMITED
GPECO.NS,GP ECO SOLUTIONS INDIA L
GPIL.NS,GODAWARI POW & ISP LTD
GPPL.NS,GUJARAT PIPAVAV PORT LTD
GPTHEALTH.NS,GPT HEALTHCARE LIMITED
GPTINFRA.NS,GPT INFRAPROJECTS LTD
GRANULES.NS,GRANULES INDIA LIMITED
GRAPHISAD.NS,GRAPHISADS LIMITED
GRAPHITE.NS,GRAPHITE INDIA LTD
GRASIM.NS,GRASIM INDUSTRIES LTD
GRAVITA.NS,GRAVITA INDIA LIMITED
GRCL.NS,GAYATRI RUBB AND CHEM LTD
GREAVESCOT.NS,GREAVES COTTON LTD.
GREENCHEF.NS,GREENCHEF APPLIANCES LTD
GREENLAM.NS,GREENLAM INDUSTRIES LTD.
GREENPANEL.NS,GREENPANEL INDUSTRIES LTD
GREENPLY.NS,GREENPLY INDUSTRIES LTD
GREENPOWER.NS,ORIENT GREEN POWER CO LTD
GRETEX.NS,GRETEX INDUSTRIES LTD.
GRINDWELL.NS,GRINDWELL NORTON LIMITED
GRINFRA.NS,G R INFRAPROJECTS LIMITED
GRMOVER.NS,GRM OVERSEAS LIMITED
GROBTEA.NS,THE GROB TEA COMPANY LTD
GRPLTD.NS,GRP LIMITED
GRSE.NS,GARDEN REACH SHIP&ENG LTD
GRWRHITECH.NS,GARWARE HI-TECH FILMS LTD
GSFC.NS,GUJ STATE FERT & CHEM LTD
GSLSU.NS,GLOBAL SURFACES LIMITED
GSMFOILS.NS,GSM FOILS LIMITED
GSPL.NS,GUJARAT STATE PETRO LTD
GSS.NS,GSS INFOTECH LIMITED
GSTL.NS,GLOBESECURE TECHNO LTD
GTL.NS,GTL LTD
GTLINFRA.NS,GTL INFRA.LTD
GTPL.NS,GTPL HATHWAY LIMITED
GUFICBIO.NS,GUFIC BIOSCIENCES LTD.
GUJALKALI.NS,GUJARAT ALKALIES & CHEM
GUJAPOLLO.NS,GUJ. APOLLO IND. LTD.
GUJGASLTD.NS,GUJARAT GAS LIMITED
GUJRAFFIA.NS,GUJARAT RAFFIA INDUST LTD
GULFOILLUB.NS,GULF OIL LUB. IND. LTD.
GULFPETRO.NS,GP PETROLEUMS LIMITED
GULPOLY.NS,GULSHAN POLYOLS LIMITED
GVKPIL.NS,GVK POW. & INFRA LTD.
GVT&D.NS,GE VERNOVA T&D INDIA LTD
HAL.NS,HINDUSTAN AERONAUTICS LTD
HAPPSTMNDS.NS,HAPPIEST MINDS TECHNO LTD
HAPPYFORGE.NS,HAPPY FORGINGS LIMITED
HARDWYN.NS,HARDWYN INDIA LIMITED
HARIOMPIPE.NS,HARIOM PIPE INDUSTRIES L
HARRMALAYA.NS,HARRISON MALAYALAM LTD
HARSHA.NS,HARSHA ENGINEERS INT LTD
HATHWAY.NS,HATHWAY CABLE & DATACOM
HATSUN.NS,HATSUN AGRO PRODUCT LTD.
HAVELLS.NS,HAVELLS INDIA LIMITED
HAVISHA.NS,SRI HAVISHA HOSP & INFR L
HBLENGINE.NS,HBL ENGINEERING LTD
HBSL.NS,HB STOCKHOLDINGS LIMITED
HCC.NS,HINDUSTAN CONSTRUCTION CO
HCG.NS,HEALTHCARE GLOB. ENT. LTD
HCL-INSYS.NS,HCL INFOSYSTEMS LTD
HCLTECH.NS,HCL TECHNOLOGIES LTD
HDFCAMC.NS,HDFC AMC LIMITED
HDFCBANK.NS,HDFC BANK LTD
HDFCLIFE.NS,HDFC LIFE INS CO LTD
HDIL.NS,HOUSING DEV & INFRA LTD
HECPROJECT.NS,HEC INFRA PROJECTS LTD
HEG.NS,HEG LTD
HEIDELBERG.NS,HEIDELBERGCEMENT (I) LTD
HEMIPROP.NS,HEMISPHERE PROP IND LTD
HERANBA.NS,HERANBA INDUSTRIES LTD
HERCULES.NS,HERCULES HOI. LTD.
HERITGFOOD.NS,HERITAGE FOODS LTD
HEROMOTOCO.NS,HERO MOTOCORP LIMITED
HESTERBIO.NS,HESTER BIOSCIENCES LTD
HEXATRADEX.NS,HEXA TRADEX LIMITED
HFCL.NS,HFCL LIMITED
HGINFRA.NS,H.G.INFRA ENGINEERING LTD
HGS.NS,HINDUJA GLOBAL SOLS. LTD.
HIGREEN.NS,HI GREEN CARBON LIMITED
HIKAL.NS,HIKAL LIMITED
HIL.NS,HIL LIMITED
HILTON.NS,HILTON METAL FORGING LTD
HIMATSEIDE.NS,HIMATSINGKA SEIDE LTD
HINDALCO.NS,HINDALCO  INDUSTRIES  LTD
HINDCOMPOS.NS,HINDUSTAN COMPOSITES LTD.
HINDCON.NS,HINDCON CHEMICALS LIMITED
HINDCOPPER.NS,HINDUSTAN COPPER LTD
HINDMOTORS.NS,HINDUSTAN MOTORS LIMITED
HINDNATGLS.NS,HIND NATL GLASS & IND LTD
HINDOILEXP.NS,HINDUSTAN OIL EXPLORATION
HINDPETRO.NS,HINDUSTAN PETROLEUM CORP
HINDUNILVR.NS,HINDUSTAN UNILEVER LTD.
HINDZINC.NS,HINDUSTAN ZINC LIMITED
HIRECT.NS,HIND RECTIFIER LIMITED
HISARMETAL.NS,HISAR METAL IND. LIMITED
HITECH.NS,HI-TECH PIPES LIMITED
HITECHCORP.NS,HITECH CORPORATION LTD
HITECHGEAR.NS,THE HI-TECH GEARS LIMITED
HLEGLAS.NS,HLE GLASCOAT LIMITED
HLVLTD.NS,HLV LIMITED
HMAAGRO.NS,HMA AGRO INDUSTRIES LTD
HMT.NS,HMT LTD -
HMVL.NS,HINDUSTAN MEDIA VENT LTD
HNDFDS.NS,HINDUSTAN FOODS LIMITED
HOACFOODS.NS,HOAC FOODS INDIA LIMITED
HOLMARC.NS,HOLMARC OPTO MECHATRO L
HOMEFIRST.NS,HOME FIRST FIN CO IND LTD
HOMESFY.NS,HOMESFY REALTY LIMITED
HONASA.NS,HONASA CONSUMER LIMITED
HONAUT.NS,HONEYWELL AUTOMATION IND
HONDAPOWER.NS,HONDA I POWER PRODUCT LTD
HOVS.NS,HOV SERVICES LTD
HPAL.NS,HP ADHESIVES LIMITED
HPIL.NS,HINDPRAKASH INDUSTRY LTD
HPL.NS,HPL ELECTRIC & POWER LTD
HRHNEXT.NS,HRH NEXT SERVICES LIMITED
HSCL.NS,HIMADRI SPECIALITY CHEM L
HTMEDIA.NS,HT MEDIA LIMITED
HUBTOWN.NS,HUBTOWN LIMITED
HUDCO.NS,HSG & URBAN DEV CORPN LTD
HUHTAMAKI.NS,HUHTAMAKI INDIA LIMITED
HYBRIDFIN.NS,HYBRID FINANCIAL SERVICE
HYUNDAI.NS,HYUNDAI MOTOR INDIA LTD
IBLFL.NS,IBL FINANCE LIMITED
ICDSLTD.NS,ICDSLTD
ICEMAKE.NS,ICE MAKE REFRIGERAT LTD
ICICIBANK.NS,ICICI BANK LTD.
ICICIGI.NS,ICICI LOMBARD GIC LIMITED
ICICIPRULI.NS,ICICI PRU LIFE INS CO LTD
ICIL.NS,INDO COUNT INDUSTRIES LTD
ICRA.NS,ICRA LIMITED
IDBI.NS,IDBI BANK LIMITED
IDEA.NS,VODAFONE IDEA LIMITED
IDEAFORGE.NS,IDEAFORGE TECHNO LTD
IDFCFIRSTB.NS,IDFC FIRST BANK LIMITED
IEL.NS,INDIABULLS ENT LTD
IEML.NS,INDIAN EMULSIFIERS LTD
IEX.NS,INDIAN ENERGY EXC LTD
IFBAGRO.NS,IFB AGRO INDUSTRIES LTD
IFBIND.NS,IFB INDUSTRIES LTD
IFCI.NS,IFCI LTD
IFGLEXPOR.NS,IFGL REFRACTORIES LIMITED
IGARASHI.NS,IGARASHI MOTORS INDIA LTD
IGIL.NS,INTERNATIO GEMM INS (I) L
IGL.NS,INDRAPRASTHA GAS LTD
IGPL.NS,I G PETROCHEMICALS LTD
IIFL.NS,IIFL FINANCE LIMITED
IIFLCAPS.NS,IIFL CAPITAL SERVICES LTD
IITL.NS,INDUSTRIAL INV TRUST LTD
IKIO.NS,IKIO LIGHTING LIMITED
IKS.NS,INVENTURUS KNOWLEDGE SO L
IL&FSENGG.NS,IL&FS ENG AND CONS CO LTD
IL&FSTRANS.NS,IL&FS TRANS NET LTD
IMAGICAA.NS,IMAGICAAWORLD ENT LTD
IMFA.NS,INDIAN METALS & FERRO
IMPAL.NS,IND MOTOR PART & ACC LTD
IMPEXFERRO.NS,IMPEX FERRO TECH LIMITED
INCREDIBLE.NS,INCREDIBLE INDUSTRIES LTD
INDBANK.NS,INDBANK MERCH BANK
INDGN.NS,INDEGENE LIMITED
INDHOTEL.NS,THE INDIAN HOTELS CO. LTD
INDIACEM.NS,THE INDIA CEMENTS LIMITED
INDIAGLYCO.NS,INDIA GLYCOLS LTD
INDIAMART.NS,INDIAMART INTERMESH LTD
INDIANB.NS,INDIAN BANK
INDIANCARD.NS,INDIAN CARD
INDIANHUME.NS,INDIAN HUME PIPE CO. LTD.
INDIASHLTR.NS,INDIA SHELTER FIN CORP L
INDIFRA.NS,INDIFRA LIMITED
INDIGO.NS,INTERGLOBE AVIATION LTD
INDIGOPNTS.NS,INDIGO PAINTS LIMITED
INDIGRID.NS,INDIA GRID TRUST
INDNIPPON.NS,INDIA NIPPON ELECT  LTD
INDOAMIN.NS,INDO AMINES LIMITED
INDOBORAX.NS,INDO BORAX & CHEMICAL LTD
INDOCO.NS,INDOCO REMEDIES LTD.
INDOFARM.NS,INDO FARM EQUIPMENT LTD
INDORAMA.NS,INDO RAMA SYNTHETICS LTD
INDOSTAR.NS,INDOSTAR CAPITAL FIN LTD
INDOTECH.NS,INDO TECH TRANSFORM LTD.
INDOTHAI.NS,INDO THAI SEC LTD
INDOUS.NS,INDO US BIOTECH LTD
INDOWIND.NS,INDOWIND ENERGY LTD
INDRAMEDCO.NS,INDRAPRASTHA MEDICAL CORP
INDSWFTLAB.NS,IND SWIFT LABORATORIES LT
INDSWFTLTD.NS,IND-SWIFT LIMITED
INDTERRAIN.NS,IND TERRAIN FASHIONS LTD
INDUSINDBK.NS,INDUSIND BANK LIMITED
INDUSTOWER.NS,INDUS TOWERS LIMITED
INFIBEAM.NS,INFIBEAM AVENUES LIMITED
INFINIUM.NS,INFINIUM PHARMACHEM LTD
INFOBEAN.NS,INFOBEANS TECHNO. LTD.
INFOLLION.NS,INFOLLION RESEARCH SER L
INFOMEDIA.NS,INFOMEDIA PRESS LIMITED
INFY.NS,INFOSYS LIMITED
INGERRAND.NS,INGERSOLL-RAND INDIA LTD
INM.NS,INTERIORS & MORE LIMITED
INNOVACAP.NS,INNOVA CAPTAB LIMITED
INNOVANA.NS,INNOVANA THINKLABS LTD
INOXGREEN.NS,INOX GREEN ENERGY SER LTD
INOXINDIA.NS,INOX INDIA LIMITED
INOXWIND.NS,INOX WIND LIMITED
INSECTICID.NS,INSECTICIDES (I) LTD
INSPIRE.NS,INSPIRE FILMS LIMITED
INSPIRISYS.NS,INSPIRISYS SOLUTIONS LTD
INTELLECT.NS,INTELLECT DESIGN ARENA
INTENTECH.NS,INTENSE TECHNOLOGIES LTD
INTERARCH.NS,INTERARCH BUILDING PROD L
INTLCONV.NS,INTL CONVEYORS LIMITED
INVENTURE.NS,INVENTURE GRO & SEC LTD
IOB.NS,INDIAN OVERSEAS BANK
IOC.NS,INDIAN OIL CORP LTD
IOLCP.NS,IOL CHEM AND PHARMA LTD
IONEXCHANG.NS,ION EXCHANGE (INDIA) LTD
IPCALAB.NS,IPCA LABORATORIES LTD
IPL.NS,INDIA PESTICIDES LIMITED
IPSL.NS,INTEGRATED PERSO SER LTD
IRB.NS,IRB INFRA DEV LTD.
IRBINVIT.NS,IRB INVIT FUND
IRCON.NS,IRCON INTERNATIONAL LTD
IRCTC.NS,INDIAN RAIL TOUR CORP LTD
IREDA.NS,INDIAN RENEWABLE ENERGY
IRFC.NS,INDIAN RAILWAY FIN CORP L
IRIS.NS,IRIS BUSINESS SERV LTD
IRISDOREME.NS,IRIS CLOTHINGS LIMITED
IRMENERGY.NS,IRM ENERGY LIMITED
ISEC.NS,ICICI SECURITIES LIMITED
ISFT.NS,INTRASOFT TECH. LTD
ISGEC.NS,ISGEC HEAVY ENG LTD
ISHAN.NS,ISHAN INTERNATIONAL LTD
ITALIANE.NS,ITALIAN EDIBLES LIMITED
ITC.NS,ITC LTD
ITDC.NS,INDIA TOUR. DEV. CO. LTD.
ITDCEM.NS,ITD CEMENTATION INDIA LTD
ITI.NS,ITI LTD
IVC.NS,IL&FS INVESTMENT MANAGERS
IVP.NS,IVP LTD
IWEL.NS,INOX WIND ENERGY LIMITED
IXIGO.NS,LE TRAVENUES TECHNOLOGY L
IZMO.NS,IZMO LIMITED
KEEPLEARN.NS,DSJ KEEP LEARNING LTD
LTFOODS.NS,LT FOODS LIMITED
SAMMAANCAP.NS,SAMMAAN CAPITAL LIMITED
SHAH.NS,SHAH METACORP LIMITED
STYRENIX.NS,STYRENIX PERFORMANCE LTD
TPHQ.NS,TEAMO PRODUCTIONS HQ LTD
TRU.NS,TRUCAP FINANCE LIMITED
AURUM.NS,AURUM PROPTECH LIMITED
CIEINDIA.NS,CIE AUTOMOTIVE INDIA LTD
EPIGRAL.NS,EPIGRAL LIMITED
EQUIPPP.NS,EQUIPPP SOC IMP TECH LTD
GTECJAINX.NS,G-TEC JAINX EDUCATION LTD
J&KBANK.NS,J & K BANK LTD.
JAGRAN.NS,JAGRAN PRAKASHAN LIMITED
JAGSNPHARM.NS,JAGSONPAL PHARMACEUTICALS
JAIBALAJI.NS,JAI BALAJI INDUSTRIES LTD
JAICORPLTD.NS,JAI CORP LIMITED
JAINAM.NS,JAINAM FER ALLOYS (I) LTD
JAIPURKURT.NS,NANDANI CREATION LIMITED
JAKHARIA.NS,JAKHARIA FABRIC LIMITED
JALAN.NS,JALAN TRANSOLU. INDIA LTD
JAMNAAUTO.NS,JAMNA AUTO IND LTD
JASH.NS,JASH ENGINEERING LIMITED
JAYAGROGN.NS,JAYANT AGRO ORGANICS LTD
JAYBARMARU.NS,JAY BHARAT MARUTI LTD
JAYNECOIND.NS,JAYASWAL NECO INDUSTR LTD
JAYSREETEA.NS,JAYSHREE TEA & INDUSTRIES
JBCHEPHARM.NS,J B CHEMICALS AND PHARMA
JBMA.NS,JBM AUTO LIMITED
JCHAC.NS,JOHNSON CONTROLS HITACHI
JETFREIGHT.NS,JET FREIGHT LOGISTICS LTD
JETKNIT.NS,JET KNITWEARS LTD.
JFLLIFE.NS,JFL LIFE SCIENCES LIMITED
JGCHEM.NS,J.G.CHEMICALS LIMITED
JHS.NS,JHS SVEND. LAB. LTD
JINDALPHOT.NS,JINDAL PHOTO LIMITED
JINDALPOLY.NS,JINDAL POLY FILMS LIMITED
JINDALSAW.NS,JINDAL SAW LIMITED
JINDALSTEL.NS,JINDAL STEEL & POWER LTD
JINDRILL.NS,JINDAL DRILLING IND. LTD
JINDWORLD.NS,JINDAL WORLDWIDE LTD
JIOFIN.NS,JIO FIN SERVICES LTD
JISLDVREQS.NS,JAIN DVR EQUITY SHARES
JISLJALEQS.NS,JAIN IRRIGATION SYSTEMS
JITFINFRA.NS,JITF INFRALOGISTICS LTD
JIWANRAM.NS,JIWANRAM SHEODUTTRA IND L
JKCEMENT.NS,JK CEMENT LIMITED
JKIL.NS,JKUMAR INFR.LTD.
JKLAKSHMI.NS,JK LAKSHMI CEMENT LTD
JKPAPER.NS,JK PAPER LIMITED
JKTYRE.NS,JK TYRE & INDUSTRIES LTD
JLHL.NS,JUPITER LIFE LINE HOSP L
JMA.NS,JULLUNDUR MOT AGENCY LTD
JMFINANCIL.NS,JM FINANCIAL LIMITED
JNKINDIA.NS,JNK INDIA LIMITED
JOCIL.NS,JOCIL LIMITED
JPOLYINVST.NS,JIND POL INV & FIN CO LTD
JPPOWER.NS,JAIPRAKASH POWER VEN. LTD
JSFB.NS,JANA SMALL FIN BANK LTD
JSL.NS,JINDAL STAINLESS LIMITED
JSLL.NS,JEENA SIKHO LIFECARE LTD
JSWENERGY.NS,JSW ENERGY LIMITED
JSWHL.NS,JSW HOLDINGS LIMITED
JSWINFRA.NS,JSW INFRASTRUCTURE LTD
JSWSTEEL.NS,JSW STEEL LIMITED
JTEKTINDIA.NS,JTEKT INDIA LIMITED
JTLIND.NS,JTL INDUSTRIES LIMITED
JUBLFOOD.NS,JUBILANT FOODWORKS LTD
JUBLINGREA.NS,JUBILANT INGREVIA LIMITED
JUBLPHARMA.NS,JUBILANT PHARMOVA LTD
JUNIPER.NS,JUNIPER HOTELS LIMITED
JUSTDIAL.NS,JUSTDIAL LTD.
JYOTHYLAB.NS,JYOTHY LABS LIMITED
JYOTICNC.NS,JYOTI CNC AUTOMATION LTD
JYOTISTRUC.NS,JYOTI STRUCTURES LTD
K2INFRA.NS,K2 INFRAGEN LIMITED
KABRAEXTRU.NS,KABRA EXTRUSION TECHNIK L
KAJARIACER.NS,KAJARIA CERAMICS LTD
KAKATCEM.NS,KAKATIYA CEM SUGAR &IND L
KALAMANDIR.NS,SAI SILKS (KALAMANDIR) L
KALYANIFRG.NS,KALYANI FORGE LIMITED
KALYANKJIL.NS,KALYAN JEWELLERS IND LTD
KAMATHOTEL.NS,KAMAT HOTELS (I) LTD
KAMDHENU.NS,KAMDHENU LIMITED
KAMOPAINTS.NS,KAMDHENU VENTURES LIMITED
KANANIIND.NS,KANANI INDUSTRIES LTD
KANDARP.NS,KANDARP DG SMART BPO LTD
KANORICHEM.NS,KANORIA CHEMICALS & INDUS
KANPRPLA.NS,KANPUR PLASTIPACK LIMITED
KANSAINER.NS,KANSAI NEROLAC PAINTS LTD
KAPSTON.NS,KAPSTON SERVICES LIMITED
KARMAENG.NS,KARMA ENERGY LIMITED
KARNIKA.NS,KARNIKA INDUSTRIES LTD
KARURVYSYA.NS,KARUR VYSYA BANK LTD
KAUSHALYA.NS,KAUSHALYA INFRA DEV LTD.
KAVVERITEL.NS,KAVVERI TEL. LTD.
KAYA.NS,KAYA LIMITED
KAYNES.NS,KAYNES TECHNOLOGY IND LTD
KBCGLOBAL.NS,KBC GLOBAL LIMITED
KCEIL.NS,KAY CEE ENERGY & INFRA L
KCK.NS,KCK INDUSTRIES LTD
KCP.NS,KCP LTD
KCPSUGIND.NS,KCP SUGAR IND CORP LTD.
KDDL.NS,KDDL LIMITED
KDL.NS,KORE DIGITAL LIMITED
KEC.NS,KEC INTL. LIMITED
KECL.NS,KIRLOSKAR ELECTRIC CO LTD
KEI.NS,KEI INDUSTRIES LTD.
KEL.NS,KUNDAN EDIFICE LIMITED
KELLTONTEC.NS,KELLTON TECH SOL LTD
KERNEX.NS,KERNEX MICROSYS(I) LTD
KESORAMIND.NS,KESORAM INDUSTRIES LTD
KEYFINSERV.NS,KEYNOTE FIN SERV LTD.
KFINTECH.NS,KFIN TECHNOLOGIES LIMITED
KHADIM.NS,KHADIM INDIA LIMITED
KHAICHEM.NS,KHAITAN CHEM & FERT LTD
KHAITANLTD.NS,KHAITAN (INDIA)LTD.
KHANDSE.NS,KHANDWALA SECURITIES LTD
KHFM.NS,KHFM HOS FAC MANA SER LTD
KICL.NS,KALYANI INVEST CO LTD
KILITCH.NS,KILITCH DRUGS INDIA LTD
KIMS.NS,KRISHNA INST OF MED SCI L
KINGFA.NS,KINGFA SCI & TEC IND LTD.
KIOCL.NS,KIOCL LIMITED
KIRIINDUS.NS,KIRI INDUSTRIES LIMITED
KIRLOSBROS.NS,KIRLOSKAR BROTHERS LTD
KIRLOSENG.NS,KIRLOSKAR OIL ENG LTD
KIRLOSIND.NS,KIRLOSKAR INDUSTRIES LTD
KIRLPNU.NS,KIRLOSKAR PNEUMATIC COM L
KITEX.NS,KITEX GARMENTS LTD
KKCL.NS,KEWAL KIRAN CLOTHING LTD
KKVAPOW.NS,KKV AGRO POWERS LTD.
KLL.NS,KAUSHALYA LOGISTICS LTD
KMEW.NS,KNOWLEDGE MARINE & EN W L
KMSUGAR.NS,K M SUGAR MILLS LTD
KNAGRI.NS,KN AGRI RESOURCES LIMITED
KNRCON.NS,KNR CONSTRU LTD.
KODYTECH.NS,KODY TECHNOLAB LIMITED
KOHINOOR.NS,KOHINOOR FOODS LIMITED
KOKUYOCMLN.NS,KOKUYO CAMLIN LIMITED
KOLTEPATIL.NS,KOLTE PATIL DEV. LTD.
KONSTELEC.NS,KONSTELEC ENGINEERS LTD
KONTOR.NS,KONTOR SPACE LIMITED
KOPRAN.NS,KOPRAN LTD
KORE.NS,JAY JALARAM TECHNO LTD
KOTAKBANK.NS,KOTAK MAHINDRA BANK LTD
KOTARISUG.NS,KOTHARI SUG & CHEM LTD.
KOTHARIPET.NS,KOTHARI PETROCHEM LTD
KOTHARIPRO.NS,KOTHARI PRODUCTS
KOTYARK.NS,KOTYARK INDUSTRIES LTD
KPEL.NS,K.P. ENERGY LIMITED
KPIGREEN.NS,KPI GREEN ENERGY LIMITED
KPIL.NS,KALPATARU PROJECT INT LTD
KPITTECH.NS,KPIT TECHNOLOGIES LIMITED
KPRMILL.NS,KPR MILL LTD.
KRBL.NS,KRBL LIMITED
KREBSBIO.NS,KREBS BIOCHEMICALS & IND
KRIDHANINF.NS,KRIDHAN INFRA LIMITED
KRISHANA.NS,KRISHANA PHOSCHEM LIMITED
KRISHCA.NS,KRISHCA STRAPPING SLTN L
KRISHIVAL.NS,KRISHIVAL FOODS LIMITED
KRISHNADEF.NS,KRISHNA DEF AND ALD IND L
KRITI.NS,KRITI INDUSTRIES IND LTD
KRITIKA.NS,KRITIKA WIRES LIMITED
KRITINUT.NS,KRITI NUTRIENTS LIMITED
KRN.NS,KRN HEAT EXCHANGE N REF L
KRONOX.NS,KRONOX LAB SCIENCES LTD
KROSS.NS,KROSS LIMITED
KRSNAA.NS,KRSNAA DIAGNOSTICS LTD
KRYSTAL.NS,KRYSTAL INTEGRATED SER L
KSB.NS,KSB LIMITED
KSCL.NS,KAVERI SEED CO. LTD.
KSHITIJPOL.NS,KSHITIJ POLYLINE LIMITED
KSL.NS,KALYANI STEELS LIMITED
KSOLVES.NS,KSOLVES INDIA LIMITED
KTKBANK.NS,KARNATAKA BANK LIMITED
KTL.NS,KALAHRIDHAAN TRENDZ LTD
KUANTUM.NS,KUANTUM PAPERS LIMITED
LAGNAM.NS,LAGNAM SPINTEX LIMITED
LAL.NS,LORENZINI APPARELS LTD
LALPATHLAB.NS,DR. LAL PATH LABS LTD.
LAMBODHARA.NS,LAMBODHARA TEXTILES LTD.
LANCORHOL.NS,LANCOR HOLDINGS LIMITED
LANDMARK.NS,LANDMARK CARS LIMITED
LAOPALA.NS,LA OPALA RG LIMITED
LASA.NS,LASA SUPERGENERICS LTD
LATENTVIEW.NS,LATENT VIEW ANALYTICS LTD
LATTEYS.NS,LATTEYS INDUSTRIES LTD
LAURUSLABS.NS,LAURUS LABS LIMITED
LAWSIKHO.NS,ADDICTIVE LEARNING TECH L
LAXMICOT.NS,LAXMI COTSPIN LIMITED
LCCINFOTEC.NS,LCC INFOTECH LTD
LEMERITE.NS,LE MERITE EXPORTS LIMITED
LEMONTREE.NS,LEMON TREE HOTELS LTD
LEXUS.NS,LEXUS GRANITO (INDIA) LTD
LFIC.NS,LAKSHMI FIN IND CORP LTD
LGBBROSLTD.NS,LG BALAKRISHNAN & BROS
LGHL.NS,LAXMI GOLDORNA HOUSE LTD
LIBAS.NS,LIBAS CONSU PRODUCTS LTD
LIBERTSHOE.NS,LIBERTY SHOES LTD
LICHSGFIN.NS,LIC HOUSING FINANCE LTD
LICI.NS,LIFE INSURA CORP OF INDIA
LIKHITHA.NS,LIKHITHA INFRASTRUC LTD
LINC.NS,LINC LIMITED
LINCOLN.NS,LINCOLN PHARMA LTD
LINDEINDIA.NS,LINDE INDIA LIMITED
LLOYDS.NS,LLOYDS LUXURIES LIMITED
LLOYDSENGG.NS,LLOYDS ENGG WORK LIMITED
LLOYDSENT.NS,LLOYDS ENTERPRISES LTD
LLOYDSME.NS,LLOYDS METALS N ENERGY L
LMW.NS,LMW LIMITED
LODHA.NS,MACROTECH DEVELOPERS LTD
LOKESHMACH.NS,LOKESH MACHINES LTD
LORDSCHLO.NS,LORDS CHLORO ALKALI LTD
LOTUSEYE.NS,LOTUS EYE HOSP & INST L
LOVABLE.NS,LOVABLE LINGERIE LTD
LOYALTEX.NS,LOYAL TEXTILE MILLS LTD
LPDC.NS,LANDMARK PR.DEV.CO.LTD
LRRPL.NS,LEAD REC AND RUB PROD LTD
LT.NS,LARSEN & TOUBRO LTD.
LTF.NS,L&T FINANCE LIMITED
LTIM.NS,LTIMINDTREE LIMITED
LTTS.NS,L&T TECHNOLOGY SER. LTD.
LUMAXIND.NS,LUMAX INDUSTRIES LTD
LUMAXTECH.NS,LUMAX AUTO TECH LTD
LUPIN.NS,LUPIN LIMITED
LUXIND.NS,LUX INDUSTRIES LIMITED
LXCHEM.NS,LAXMI ORGANIC INDUS LTD
LYKALABS.NS,LYKA LABS LTD
LYPSAGEMS.NS,LYPSA GEMS & JEWEL LTD
M&M.NS,MAHINDRA & MAHINDRA LTD
M&MFIN.NS,M&M FIN. SERVICES LTD
MAANALU.NS,MAAN ALUMINIUM LIMITED
MACPOWER.NS,MACPOWER CNC MACHINES LTD
MADHAV.NS,MADHAV MARBLE & GRANITE
MADHAVBAUG.NS,VAIDYA SANE AYUR LAB LTD
MADHUCON.NS,MADHUCON PROJECTS LTD.
MADHUSUDAN.NS,MADHUSUDAN MASALA LIMITED
MADRASFERT.NS,MADRAS FERTILISERS LTD
MAGADSUGAR.NS,MAGADH SUGAR & ENERGY LTD
MAGNUM.NS,MAGNUM VENTURES LTD.
MAGSON.NS,MAGSON RETAIL AND DIST L
MAHABANK.NS,BANK OF MAHARASHTRA
MAHAPEXLTD.NS,MAHA RASHTRA APEX COPR. L
MAHASTEEL.NS,MAHAMAYA STEEL INDS LTD
MAHEPC.NS,MAHINDRA EPC IRRIG LTD
MAHESHWARI.NS,MAHESHWARI LOGISTICS LTD.
MAHICKRA.NS,MAHICKRA CHEMICAL LIMITED
MAHLIFE.NS,MAHINDRA LIFESPACE DEVLTD
MAHLOG.NS,MAHINDRA LOGISTIC LIMITED
MAHSCOOTER.NS,MAHARASHTRA SCOOTERS LTD
MAHSEAMLES.NS,MAHARASHTRA SEAMLESS LTD
MAITHANALL.NS,MAITHAN ALLOYS LTD
MAITREYA.NS,MAITREYA MEDICARE LIMITED
MAKS.NS,MAKS ENERGY SOL INDIA LTD
MAL.NS,MANGALAM ALLOYS LIMITED
MALLCOM.NS,MALLCOM (INDIA) LIMITED
MALUPAPER.NS,MALU PAPER MILLS LIMITED
MAMATA.NS,MAMATA MACHINERY LIMITED
MANAKALUCO.NS,MANAK ALUMINIUM CO. LTD.
MANAKCOAT.NS,MAN COAT METAL & IND LTD
MANAKSIA.NS,MANAKSIA LTD.
MANAKSTEEL.NS,MANAKSIA STEELS LTD
MANALIPETC.NS,MANALI PETROCHEMICALS LT
MANAPPURAM.NS,MANAPPURAM FINANCE LTD
MANAV.NS,MANAV INFRA PROJECTS LTD
MANBA.NS,MANBA FINANCE LIMITED
MANCREDIT.NS,MANGAL CREDIT N FINCORP L
MANDEEP.NS,MANDEEP AUTO INDUSTRIES L
MANGALAM.NS,MANGALAM DRUG & CHEM LTD
MANGCHEFER.NS,MANG.CHEM.FERT.LTD
MANGLMCEM.NS,MANGALAM CEMENT LTD
MANINDS.NS,MAN INDUSTRIES (I) LTD.
MANINFRA.NS,MAN INFRA LTD
MANKIND.NS,MANKIND PHARMA LIMITED
MANOMAY.NS,MANOMAY TEX INDIA LTD
MANORAMA.NS,MANORAMA INDUSTRIES LTD
MANORG.NS,MANGALAM ORGANICS LIMITED
MANUGRAPH.NS,MANUGRAPH INDIA LIMITED
MANYAVAR.NS,VEDANT FASHIONS LIMITED
MAPMYINDIA.NS,C.E. INFO SYSTEMS LIMITED
MARALOVER.NS,MARAL OVERSEAS LTD
MARATHON.NS,MARATHON NXTGEN REALT LTD
MARCO.NS,MARCO CABLE & CONDUCTOR L
MARICO.NS,MARICO LIMITED
MARINE.NS,MARINE ELECTRICAL (I) LTD
MARINETRAN.NS,MARINETRANS INDIA LIMITED
MARKSANS.NS,MARKSANS PHARMA LIMITED
MARSHALL.NS,MARSHALL MACHINES LTD
MARUTI.NS,MARUTI SUZUKI INDIA LTD.
MASFIN.NS,MAS FINANCIAL SERV LTD
MASKINVEST.NS,MASK INVESTMENTS LIMITED
MASON.NS,MASON INFRATECH LIMITED
MASTEK.NS,MASTEK LTD
MASTER.NS,MASTER COMPONENTS LIMITED
MASTERTR.NS,MASTER TRUST LIMITED
MATRIMONY.NS,MATRIMONY.COM LIMITED
MAWANASUG.NS,MAWANA SUGARS LIMITED
MAXESTATES.NS,MAX ESTATES LIMITED
MAXHEALTH.NS,MAX HEALTHCARE INS LTD
MAXIND.NS,MAX INDIA LIMITED
MAXPOSURE.NS,MAXPOSURE LIMITED
MAYURUNIQ.NS,MAYUR UNIQUOTERS LTD
MAZDA.NS,MAZDA LIMITED
MAZDOCK.NS,MAZAGON DOCK SHIPBUIL LTD
MBAPL.NS,MADHYA BHARAT AGRO P. LTD
MBECL.NS,MCNALLY BH. ENG. CO.LTD
MBLINFRA.NS,MBL INFRASTRUCTURE LTD
MCL.NS,MADHAV COPPER LIMITED
MCLEODRUSS.NS,MCLEOD RUSSEL INDIA LTD.
MCON.NS,MCON RASAYAN INDIA LTD
MCX.NS,MULTI COMMODITY EXCHANGE
MDL.NS,MARVEL DECOR LIMITED
MEDANTA.NS,GLOBAL HEALTH LIMITED
MEDIASSIST.NS,MEDI ASSIST HEALTH SER L
MEDICAMEQ.NS,MEDICAMEN BIOTECH LIMITED
MEDICO.NS,MEDICO REMEDIES LIMITED
MEDIORG.NS,MEDICAMEN ORGANICS LTD
MEDPLUS.NS,MEDPLUS HEALTH SERV LTD
MEGAFLEX.NS,MEGA FLEX PLASTICS LTD
MEGASOFT.NS,MEGASOFT LTD
MEGASTAR.NS,MEGASTAR FOODS LIMITED
MEGATHERM.NS,MEGATHERM INDUCTION LTD
MENONBE.NS,MENON BEARINGS LIMITED
MEP.NS,MEP INFRA. DEVELOPERS LTD
METROBRAND.NS,METRO BRANDS LIMITED
METROPOLIS.NS,METROPOLIS HEALTHCARE LTD
MFML.NS,MAHALAXMI FABRIC MILLS LT
MFSL.NS,MAX FINANCIAL SERV LTD
MGEL.NS,MANGALAM GLOBAL ENT LTD
MGL.NS,MAHANAGAR GAS LTD.
MHHL.NS,MOHINI HEALTH&HYGIENE LTD
MHLXMIRU.NS,MAHALAXMI RUBTECH LIMITED
MHRIL.NS,MAHINDRA HOLIDAYS LTD
MICEL.NS,MIC ELECTRONICS LTD
MICROPRO.NS,MICROPRO SOFTWARE SOL L
MIDHANI.NS,MISHRA DHATU NIGAM LTD
MILTON.NS,MILTON INDUSTRIES LIMITED
MINDACORP.NS,MINDA CORPORATION LTD
MINDPOOL.NS,MINDPOOL TECHNOLOGIES LTD
MINDSPACE.NS,MINDSPACE BUSINESS P REIT
MINDTECK.NS,MINDTECK (INDIA) LIMITED
MIRCELECTR.NS,MIRC ELECTRONICS LTD
MIRZAINT.NS,MIRZA INTERNATIONAL LIMIT
MITCON.NS,MITCON CON & ENG SER LTD
MITTAL.NS,MITTAL LIFE STYLE LIMITED
MKPL.NS,M K PROTEINS LIMITED
MMFL.NS,MM FORGINGS LTD
MMP.NS,MMP INDUSTRIES LIMITED
MMTC.NS,MMTC LIMITED
MOBIKWIK.NS,ONE MOBIKWIK SYSTEMS LTD
MODIRUBBER.NS,MODI RUBBER LTD
MODISONLTD.NS,MODISON LIMITED
MODTHREAD.NS,MODERN THREADS INDIA LTD
MOHITIND.NS,MOHIT INDUSTRIES LTD
MOIL.NS,MOIL LIMITED
MOKSH.NS,MOKSH ORNAMENTS LIMITED
MOL.NS,MEGHMANI ORGANICS LIMITED
MOLDTECH.NS,MOLD-TEK TECHNOLOGIES LTD
MOLDTKPAC.NS,MOLD-TEK PACKAGING LTD
MONARCH.NS,MONARCH NETWORTH CAP LTD
MONOPHARMA.NS,MONO PHARMACARE LIMITED
MONTECARLO.NS,MONTE CARLO FASHIONS LTD.
MORARJEE.NS,MORARJEE TEXTILES LIMITED
MOREPENLAB.NS,MOREPEN LAB. LTD
MOS.NS,MOS UTILITY LIMITED
MOTHERSON.NS,SAMVRDHNA MTHRSN INTL LTD
MOTILALOFS.NS,MOTILAL OSWAL FIN LTD
MOTISONS.NS,MOTISONS JEWELLERS LTD
MOTOGENFIN.NS,MOTOR & GENERAL FINANCE L
MOXSH.NS,MOXSH OVERSEAS EDUCON LTD
MPHASIS.NS,MPHASIS LIMITED
MPSLTD.NS,MPS LIMITED
MPTODAY.NS,M P TODAY MEDIA LIMITED
MRF.NS,MRF LTD
MRO-TEK.NS,MRO-TEK REALTY LIMITED
MRPL.NS,MRPL
MSPL.NS,MSP STEEL & POWER LTD.
MSTCLTD.NS,MSTC LIMITED
MSUMI.NS,MOTHERSON SUMI WRNG IND L
MTARTECH.NS,MTAR TECHNOLOGIES LIMITED
MTNL.NS,MAHANAGAR TELEPHONE NIGAM
MUFIN.NS,MUFIN GREEN FINANCE LTD
MUFTI.NS,CREDO BRANDS MARKETING L
MUKANDLTD.NS,MUKAND LTD.
MUKKA.NS,MUKKA PROTEINS LIMITED
MUKTAARTS.NS,MUKTA ARTS LIMITED
MUNJALAU.NS,MUNJAL AUTO IND. LTD.
MUNJALSHOW.NS,MUNJAL SHOWA LTD
MURUDCERA.NS,MURUDESHWAR CERAMICS LTD
MUTHOOTCAP.NS,MUTHOOT CAP SERV LTD
MUTHOOTFIN.NS,MUTHOOT FINANCE LIMITED
MUTHOOTMF.NS,MUTHOOT MICROFIN LIMITED
MVGJL.NS,MANOJ VAIBHAV GEM N JEW L
MVKAGRO.NS,M.V.K. AGRO FOOD PROD LTD
MWL.NS,MANGALAM WORLDWIDE LTD
NACLIND.NS,NACL INDUSTRIES LIMITED
NAGAFERT.NS,NAGARJUN FERT AND CHE LTD
NAGREEKCAP.NS,NAGREEKA CAP & INFR.LTD
NAGREEKEXP.NS,NAGREEKA EXPORTS LTD.
NAHARCAP.NS,NAHAR CAP & FIN.
NAHARINDUS.NS,NAHAR INDS ENT LTD
NAHARPOLY.NS,NAHAR POLY FILMS LIMITED
NAHARSPING.NS,NAHAR SPINNING MILLS LTD.
NAM-INDIA.NS,NIPPON L I A M LTD
NAMAN.NS,NAMAN IN-STORE (INDIA) L
NARMADA.NS,NARMADA AGROBASE LIMITED
NATCOPHARM.NS,NATCO PHARMA LTD.
NATHBIOGEN.NS,NATH BIO-GENES (I) LTD
NATIONALUM.NS,NATIONAL ALUMINIUM CO LTD
NAUKRI.NS,INFO EDGE (I) LTD
NAVA.NS,NAVA LIMITED
NAVINFLUOR.NS,NAVIN FLUORINE INT. LTD
NAVKARCORP.NS,NAVKAR CORPORATION LTD.
NAVKARURB.NS,NAVKAR URBANSTRUCTURE LTD
NAVNETEDUL.NS,NAVNEET EDUCATION LTD
NAZARA.NS,NAZARA TECHNOLOGIES LTD
NBCC.NS,NBCC (INDIA) LIMITED
NBIFIN.NS,N.B.I. IND. FIN. CO. LTD
NCC.NS,NCC LIMITED
NCLIND.NS,NCL INDUSTRIES LIMITED
NDGL.NS,NAGA DHUNSERI GROUP LTD
NDL.NS,NANDAN DENIM LIMITED
NDLVENTURE.NS,NDL VENTURES LIMITED
NDRAUTO.NS,NDR AUTO COMPONENTS LTD
NDTV.NS,NDTV LTD
NECCLTD.NS,NORTH EAST CARRY CORP LTD
NECLIFE.NS,NECTAR LIFESCIENCES LTD.
NELCAST.NS,NELCAST LIMITED
NELCO.NS,NELCO LTD
NEOGEN.NS,NEOGEN CHEMICALS LIMITED
NEPHROCARE.NS,NEPHRO CARE INDIA LIMITED
NESCO.NS,NESCO LTD.
NESTLEIND.NS,NESTLE INDIA LIMITED
NETWEB.NS,NETWEB TECH INDIA LTD
NETWORK18.NS,NETWORK18 MEDIA & INV LTD
NEULANDLAB.NS,NEULAND LAB LTD.
NEWGEN.NS,NEWGEN SOFTWARE TECH LTD
NEWJAISA.NS,NEWJAISA TECHNOLOGIES LTD
NEXTMEDIA.NS,NEXT MEDIAWORKS LIMITED
NFL.NS,NATIONAL FERT. LTD
NGIL.NS,NAKODA GROUP OF IND. LTD
NGLFINE.NS,NGL FINE CHEM LIMITED
NH.NS,NARAYANA HRUDAYALAYA LTD.
NHPC.NS,NHPC LTD
NIACL.NS,THE NEW INDIA ASSU CO LTD
NIBL.NS,NRB INDUS. BEARINGS LTD.
NIDAN.NS,NIDAN LABS AND HEALTH LTD
NIITLTD.NS,NIIT LIMITED
NIITMTS.NS,NIIT LEARNING SYSTEMS LTD
NILAINFRA.NS,NILA INFRASTRUCTURES LTD
NILASPACES.NS,NILA SPACES LIMITED
NILKAMAL.NS,NILKAMAL LIMITED
NINSYS.NS,NINTEC SYSTEMS LIMITED
NIPPOBATRY.NS,INDO-NATIONAL LIMITED
NIRAJ.NS,NIRAJ CEMENT STRUC LTD
NIRAJISPAT.NS,NIRAJ ISPAT IND LTD
NIRMAN.NS,NIRMAN AGRI GENTICS LTD
NITCO.NS,NITCO LIMITED
NITINSPIN.NS,NITIN SPINNERS LIMITED
NITIRAJ.NS,NITIRAJ ENGINEERS LTD
NIVABUPA.NS,NIVA BUPA HEALTH INS CO L
NKIND.NS,NKINDUSTRIES LTD
NLCINDIA.NS,NLC INDIA LIMITED
NMDC.NS,NMDC LTD.
NOCIL.NS,NOCIL LIMITED
NOIDATOLL.NS,NOIDA TOLL BRIDGE CO LTD
NORBTEAEXP.NS,NORBEN TEA &EXPORTS LTD
NORTHARC.NS,NORTHERN ARC CAPITAL LTD
NOVAAGRI.NS,NOVA AGRITECH LIMITED
NPST.NS,NETWORK PEOPLE SRV TECH L
NRAIL.NS,N R AGARWAL INDS LTD
NRBBEARING.NS,NRB BEARING LIMITED
NRL.NS,NUPUR RECYCLERS LIMITED
NSIL.NS,NALWA SONS INVESTMENT LTD
NSLNISP.NS,NMDC STEEL LIMITED
NTPC.NS,NTPC LTD
NTPCGREEN.NS,NTPC GREEN ENERGY LIMITED
NUCLEUS.NS,NUCLEUS SOFTWARE EXPORTS
NURECA.NS,NURECA LIMITED
NUVAMA.NS,NUVAMA WEALTH MANAGE LTD
NUVOCO.NS,NUVOCO VISTAS CORP LTD
NXST.NS,NEXUS SELECT TRUST
NYKAA.NS,FSN E COMMERCE VENTURES
OAL.NS,ORIENTAL AROMATICS LTD
OBCL.NS,ORISSA BENGAL CARRIER LTD
OBEROIRLTY.NS,OBEROI REALTY LIMITED
OCCL.NS,ORIENTAL CARBN & CHEM LTD
OCCLLTD.NS,OCCL LIMITED
ODIGMA.NS,ODIGMA CONSULTANCY SOL L
OFSS.NS,ORACLE FIN SERV SOFT LTD.
OIL.NS,OIL INDIA LTD
OILCOUNTUB.NS,OIL COUNTRY TUBULAR LTD.
OLAELEC.NS,OLA ELECTRIC MOBILITY LTD
OLECTRA.NS,OLECTRA GREENTECH LIMITED
OLIL.NS,ONECLICK LOGISTICS IND L
OMAXAUTO.NS,OMAX AUTOS LTD
OMAXE.NS,OMAXE LIMITED
OMFURN.NS,OMFURN INDIA LIMITED
OMINFRAL.NS,OM INFRA LIMITED
ONDOOR.NS,ON DOOR CONCEPTS LIMITED
ONELIFECAP.NS,ONELIFE CAP ADVISORS LTD
ONEPOINT.NS,ONE POINT ONE SOL LTD
ONGC.NS,OIL AND NATURAL GAS CORP.
ONMOBILE.NS,ONMOBILE GLOBAL LTD.
ONWARDTEC.NS,ONWARD TECHNOLOGIES LTD
OPTIEMUS.NS,OPTIEMUS INFRACOM LTD
ORBTEXP.NS,ORBIT EXPORTS LIMITED
ORCHPHARMA.NS,ORCHID PHARMA LIMITED
ORIANA.NS,ORIANA POWER LIMITED
ORICONENT.NS,ORICON ENTERPRISES LTD
ORIENTALTL.NS,ORIENTAL TRIMEX LTD
ORIENTBELL.NS,ORIENT BELL LIMITED
ORIENTCEM.NS,ORIENT CEMENT LTD.
ORIENTCER.NS,ORIENT CERATECH LIMITED
ORIENTELEC.NS,ORIENT ELECTRIC LIMITED
ORIENTHOT.NS,ORIENT HOTELS LTD
ORIENTLTD.NS,ORIENT PRESS LIMITED
ORIENTPPR.NS,ORIENT PAPER AND INDS LTD
ORIENTTECH.NS,ORIENT TECHNOLOGIES LTD
ORISSAMINE.NS,ORISSA MIN DEV CO LTD
ORTINGLOBE.NS,ORTIN GLOBAL LIMITED
OSIAHYPER.NS,OSIA HYPER RETAIL LIMITED
OSWALAGRO.NS,OSWAL AGRO MILLS LTD
OSWALSEEDS.NS,SHREEOSWAL S AND CHE LTD
OWAIS.NS,OWAIS METAL & MINERAL
PAGEIND.NS,PAGE INDUSTRIES LTD
PAISALO.NS,PAISALO DIGITAL LIMITED
PAKKA.NS,PAKKA LIMITED
PALASHSECU.NS,PALASH SECURITIES LTD
PALREDTEC.NS,PALRED TECHNOLOGIES LTD
PANACEABIO.NS,PANACEA BIOTEC LTD
PANACHE.NS,PANACHE DIGILIFE LIMITED
PANAMAPET.NS,PANAMA PETROCHEM LTD
PANSARI.NS,PANSARI DEVELOPERS LTD
PAR.NS,PAR DRUGS AND CHEM LTD
PARACABLES.NS,PARAMOUNT COMM LTD
PARADEEP.NS,PARADEEP PHOSPHATES LTD
PARAGMILK.NS,PARAG MILK FOODS LTD.
PARAGON.NS,PARAGON FINE S.C. LTD.
PARAS.NS,PARAS DEF AND SPCE TECH L
PARASPETRO.NS,PARAS PETROFILS LTD.
PARIN.NS,PARIN ENTERPRISES LIMITED
PARKHOTELS.NS,PARKHOTELS
PARSVNATH.NS,PARSVNATH DEVELOPER LTD
PARTYCRUS.NS,PARTY CRUISERS LIMITED
PASHUPATI.NS,PASHUPATI COTSPIN LIMITED
PASUPTAC.NS,PASUPATI ACRYLON LIMITED
PATELENG.NS,PATEL ENGINEERING LTD.
PATINTLOG.NS,PATEL INT. LOG. LTD
PATTECH.NS,PATTECH FITWELL TUB COM L
PAVNAIND.NS,PAVNA INDUSTRIES LIMITED
PAYTM.NS,ONE 97 COMMUNICATIONS LTD
PCBL.NS,PCBL LIMITED
PCCL.NS,PETRO CARBON AND CHEMI L
PCJEWELLER.NS,PC JEWELLER LTD
PDMJEPAPER.NS,PUDUMJEE PAPER PRO. LTD
PDSL.NS,PDS LIMITED
PEARLPOLY.NS,PEARL POLYMERS LTD
PEL.NS,PIRAMAL ENTERPRISES LTD
PENIND.NS,PENNAR INDUSTRIES LTD
PENINLAND.NS,PENINSULA LAND LIMITED
PENTAGON.NS,PENTAGON RUBBER LIMITED
PERFECT.NS,PERFECT INFRAENGINEER LTD
PERSISTENT.NS,PERSISTENT SYSTEMS LTD
PETRONET.NS,PETRONET LNG LIMITED
PFC.NS,POWER FIN CORP LTD.
PFIZER.NS,PFIZER LTD
PFOCUS.NS,PRIME FOCUS LIMITED
PFS.NS,PTC INDIA FIN SERV LTD
PGEL.NS,PG ELECTROPLAST LTD
PGHH.NS,P&G HYGIENE & HEALTH CARE
PGHL.NS,PROCTER & GAMBLE HEALTH L
PGIL.NS,PEARL GLOBAL IND LIMITED
PGINVIT.NS,POWERGRID INFRA. INVITS
PHANTOMFX.NS,PHANTOM DIGITAL EFF LTD
PHOENIXLTD.NS,THE PHOENIX MILLS LTD
PIDILITIND.NS,PIDILITE INDUSTRIES LTD
PIGL.NS,POWER INSTRUMENT (G) LTD
PIIND.NS,PI INDUSTRIES LTD
PILANIINVS.NS,PILANI INV & IND COR LTD
PILITA.NS,PIL ITALICA LIFESTYLE LTD
PIONEEREMB.NS,PIONEER EMBROIDERIES LTD
PITTIENG.NS,PITTI ENGINEERING LIMITED
PIXTRANS.NS,PIX TRANSMISSIONS LIMITED
PKTEA.NS,THE P K TEA PROD CO LTD
PLADAINFO.NS,PLADA INFOTECH SERVICES L
PLASTIBLEN.NS,PLASTIBLENDS INDIA LTD
PLATIND.NS,PLATINUM INDUSTRIES LTD
PLAZACABLE.NS,PLAZA WIRES LIMITED
PNB.NS,PUNJAB NATIONAL BANK
PNBGILTS.NS,PNB GILTS LIMITED
PNBHOUSING.NS,PNB HOUSING FIN LTD.
PNC.NS,PRITISH NANDY COMMUNICATI
PNCINFRA.NS,PNC INFRATECH LTD.
PNGJL.NS,P N GADGIL JEWELLERS LTD
POCL.NS,PONDY OXIDES & CHEM LTD
PODDARMENT.NS,PODDAR PIGMENTS LIMITED
POKARNA.NS,POKARNA LIMITED
POLICYBZR.NS,PB FINTECH LIMITED
POLYCAB.NS,POLYCAB INDIA LIMITED
POLYMED.NS,POLY MEDICURE LIMITED
POLYPLEX.NS,POLYPLEX CORPORATION LTD
POLYSIL.NS,POLYSIL IRRIGATION SYST L
PONNIERODE.NS,PONNIE SUGARS (ERODE) LTD
POONAWALLA.NS,POONAWALLA FINCORP LTD
POWERGRID.NS,POWER GRID CORP. LTD.
POWERINDIA.NS,HITACHI ENERGY INDIA LTD
POWERMECH.NS,POWER MECH PROJECTS LTD.
PPAP.NS,PPAP AUTOMOTIVE LIMITED
PPL.NS,PRAKASH PIPES LIMITED
PPLPHARMA.NS,PIRAMAL PHARMA LIMITED
PRAENG.NS,PRAJAY ENG. SYN. LTD.
PRAJIND.NS,PRAJ INDUSTRIES LTD
PRAKASH.NS,PRAKASH INDUSTRIES LTD
PRAKASHSTL.NS,PRAKASH STEELAGE LTD
PRAMARA.NS,PRAMARA PROMOTIONS LTD
PRATHAM.NS,PRATHAM EPC PROJECTS LTD
PRAXIS.NS,PRAXIS HOME RETAIL LTD
PRECAM.NS,PRECISION CAMSHAFTS LTD.
PRECISION.NS,PRECISION METALIKS LTD
PRECOT.NS,PRECOT LIMITED
PRECWIRE.NS,PRECISION WIRES INDIA LTD
PREMEXPLN.NS,PREMIER EXPLOSIVES LTD
PREMIER.NS,PREMIER LIMITED
PREMIERENE.NS,PREMIER ENERGIES LIMITED
PREMIERPOL.NS,PREMIER POLYFILMS LTD
PRESSTONIC.NS,PRESSTONIC ENGINEERING L
PRESTIGE.NS,PRESTIGE ESTATE LTD
PRICOLLTD.NS,PRICOL LIMITED
PRIMESECU.NS,PRIME SECURITIES LIMITED
PRINCEPIPE.NS,PRINCE PIPES FITTINGS LTD
PRITI.NS,PRITI INTERNATIONAL LTD
PRITIKA.NS,PRITIKA ENG COMPO LTD
PRITIKAUTO.NS,PRITIKA AUTO INDUS LTD
PRIVISCL.NS,PRIVI SPECIALITY CHE LTD
PRIZOR.NS,PRIZOR VIZTECH LIMITED
PRLIND.NS,PREMIER ROADLINES LIMITED
PROLIFE.NS,PROLIFE INDUSTRIES LTD
PROPEQUITY.NS,P. E. ANALYTICS LIMITED
PROV.NS,PROVENTUS AGROCOM LIMITED
PROZONER.NS,PROZONE REALTY LIMITED
PRSMJOHNSN.NS,PRISM JOHNSON LIMITED
PRUDENT.NS,PRUDENT CORP ADV SER LTD
PRUDMOULI.NS,PRUDENTIAL SUGAR CORPORAT
PSB.NS,PUNJAB & SIND BANK
PSPPROJECT.NS,PSP PROJECTS LIMITED
PTC.NS,PTC INDIA LIMITED
PTCIL.NS,PTC INDUSTRIES LIMITED
PTL.NS,PTL ENTERPRISES LTD
PULZ.NS,PULZ ELECTRONICS LIMITED
PUNJABCHEM.NS,PUNJAB CHEM & CROP PROT L
PURVA.NS,PURAVANKARA LIMITED
PURVFLEXI.NS,PURV FLEXIPACK LIMITED
PVP.NS,PVP VENTURES LIMITED
PVRINOX.NS,PVR INOX LIMITED
PVSL.NS,POPULAR VEHICLES N SER L
PYRAMID.NS,PYRAMID TECHNOPLAST LTD
QFIL.NS,QUALITY FOILS (INDIA) LTD
QMSMEDI.NS,QMS MEDICAL ALLIED S LTD
QUADFUTURE.NS,QUADRANT FUTURE TEK LTD
QUADPRO.NS,QUADPRO ITES LIMITED
QUESS.NS,QUESS CORP LIMITED
QUESTLAB.NS,QUEST LABORATORIES LTD
QUICKHEAL.NS,QUICK HEAL TECH LTD
QUICKTOUCH.NS,QUICKTOUCH TECHNOLOGIES L
RHIM.NS,RHI MAGNESITA INDIA LTD
UNITDSPR.NS,UNITED SPIRITS LIMITED
UNOMINDA.NS,UNO MINDA LIMITED
GATECH.NS,GACM TECHNOLOGIES LIMITED
GATECHDVR.NS,GACM TECHNOLOGIES LIMITED
GOLDKART.NS,GOLDKART JEWELS LIMITED
HEADSUP.NS,HEADS UP VENTURES LIMITED
HINDWAREAP.NS,HINDWARE HME INOVATON LTD
PATANJALI.NS,PATANJALI FOODS LIMITED
RACE.NS,RACE ECO CHAIN LIMITED
RACLGEAR.NS,RACL GEARTECH LIMITED
RADAAN.NS,RADAAN MEDIAWORKS (I) LTD
RADHIKAJWE.NS,RADHIKA JEWELTECH LIMITED
RADIANTCMS.NS,RADIANT CASH MGMT SER LTD
RADICO.NS,RADICO KHAITAN LTD
RADIOCITY.NS,MUSIC BROADCAST LIMITED
RADIOWALLA.NS,RADIOWALLA NETWORK LTD
RAILTEL.NS,RAILTEL CORP OF IND LTD
RAIN.NS,RAIN INDUSTRIES LIMITED
RAINBOW.NS,RAINBOW CHILDRENS MED LTD
RAJESHEXPO.NS,RAJESH EXPORTS LTD
RAJMET.NS,RAJNANDINI METAL LIMITED
RAJRATAN.NS,RAJRATAN GLOBAL WIRE LTD
RAJRILTD.NS,RAJ RAYON INDUSTRIES LTD
RAJSREESUG.NS,RAJSHREE SUGAR & CHEMICAL
RAJTV.NS,RAJ TV NETWORK LTD
RALLIS.NS,RALLIS INDIA LTD
RAMANEWS.NS,SHREE RAMA NEWSPRINT LTD
RAMAPHO.NS,RAMA PHOSPHATES LIMITED
RAMASTEEL.NS,RAMA STEEL TUBES LIMITED
RAMCOCEM.NS,THE RAMCO CEMENTS LIMITED
RAMCOIND.NS,RAMCO INDUSTRIES LIMITED
RAMCOSYS.NS,RAMCO SYSTEMS LTD.
RAMKY.NS,RAMKY INFRA LTD
RAMRAT.NS,RAM RATNA WIRES LIMITED
RANASUG.NS,RANA SUGARS LTD.
RANEENGINE.NS,RANE ENG VALVE LTD
RANEHOLDIN.NS,RANE HOLDINGS LIMITED
RATEGAIN.NS,RATEGAIN TRAVEL TECHN LTD
RATNAMANI.NS,RATNAMANI MET & TUB LTD.
RATNAVEER.NS,RATNAVEER PRECISION ENG L
RAYMOND.NS,RAYMOND LTD
RAYMONDLSL.NS,RAYMOND LIFESTYLE LIMITED
RBL.NS,RANE BRAKE LINING LTD
RBLBANK.NS,RBL BANK LIMITED
RBMINFRA.NS,RBM INFRACON LIMITED
RBS.NS,RAMDEVBABA SOLVENT LTD
RBZJEWEL.NS,RBZ JEWELLERS LIMITED
RCDL.NS,RAJGOR CASTOR DERIVATI L
RCF.NS,RASHTRIYA CHEMICALS & FER
RECLTD.NS,REC LIMITED
REDINGTON.NS,REDINGTON LIMITED
REDTAPE.NS,REDTAPE LIMITED
REFEX.NS,REFEX INDUSTRIES LIMITED
REFRACTORY.NS,REFRACTORY SHAPES LIMITED
REGENCERAM.NS,REGENCYCERAMICS-LTD
RELAXO.NS,RELAXO FOOT LTD.
RELCHEMQ.NS,RELIANCE CHEMOTEX IND LTD
RELIABLE.NS,RELIABLE DATA SERVICE LTD
RELIANCE.NS,RELIANCE INDUSTRIES LTD
RELIGARE.NS,RELIGARE ENTER. LTD.
RELINFRA.NS,RELIANCE INFRASTRUCTU LTD
RELTD.NS,RAVINDRA ENERGY LIMITED
REMSONSIND.NS,REMSONS INDUSTRIES LTD
REMUS.NS,REMUS PHARMACEUTICALS L
RENUKA.NS,SHREE RENUKA SUGARS LTD
REPCOHOME.NS,REPCO HOME FINANCE LTD
REPL.NS,RUDRABHISHEK ENTERP LTD
REPRO.NS,REPRO INDIA LIMITED
RESPONIND.NS,RESPONSIVE INDUSTRIES LTD
RETAIL.NS,JHS SVENDGAARD RETAIL V L
REXPIPES.NS,REX PIPES AND CABLES LTD
RGL.NS,RENAISSANCE GLOBAL LTD
RHFL.NS,RELIANCE HOME FINANCE LTD
RHL.NS,ROBUST HOTELS LIMITED
RICOAUTO.NS,RICO AUTO INDUSTRIES LTD
RIIL.NS,RELIANCE INDUSTRIAL INFRA
RILINFRA.NS,RACHANA INFRA LTD
RISHABH.NS,RISHABH INSTRUMENTS LTD
RITCO.NS,RITCO LOGISTICS LIMITED
RITES.NS,RITES LIMITED
RITEZONE.NS,RITE ZONE CHEMCON IND LTD
RKDL.NS,RAVI KUMAR DIST. LTD.
RKEC.NS,RKEC PROJECTS LIMITED
RKFORGE.NS,RAMKRISHNA FORGINGS LTD
RKSWAMY.NS,R K SWAMY LIMITED
RMDRIP.NS,R M DRIP & SPRINK SYS LTD
RML.NS,RANE (MADRAS) LIMITED
ROCKINGDCE.NS,ROCKINGDEALS CIRCU ECO L
ROHLTD.NS,ROYAL ORCHID HOTELS LTD
ROLEXRINGS.NS,ROLEX RINGS LIMITED
ROLLT.NS,ROLLATAINERS LIMITED
ROML.NS,RAJ OIL MILLS LIMITED
ROSSARI.NS,ROSSARI BIOTECH LIMITED
ROSSELLIND.NS,ROSSELL INDIA LIMITED
ROSSTECH.NS,ROSSELL TECHSYS LIMITED
ROTO.NS,ROTO PUMPS LIMITED
ROUTE.NS,ROUTE MOBILE LIMITED
ROXHITECH.NS,ROX HI TECH LIMITED
RPEL.NS,RAGHAV PRODUCTIVITY ENH L
RPGLIFE.NS,RPG LIFE SCIENCES LTD
RPOWER.NS,RELIANCE POWER LTD.
RPPINFRA.NS,R.P.P INFRA PROJECTS LTD.
RPPL.NS,RAJSHREE POLYPACK LTD
RPSGVENT.NS,RPSG VENTURES LIMITED
RPTECH.NS,RASHI PERIPHERALS LIMITED
RRKABEL.NS,R R KABEL LIMITED
RSSOFTWARE.NS,R. S. SOFTWARE (INDIA) LI
RSWM.NS,RSWM LIMITED
RSYSTEMS.NS,R SYS INTERNATIONAL LTD
RTNINDIA.NS,RATTANINDIA ENT LIMITED
RTNPOWER.NS,RATTANINDIA POWER LIMITED
RUBFILA.NS,RUBFILA INTERNATIONAL LTD
RUBYMILLS.NS,THE RUBY MILLS LTD
RUCHINFRA.NS,RUCHI INFRASTRUCTURE LTD
RUCHIRA.NS,RUCHIRA PAPERS LIMITED
RULKA.NS,RULKA ELECTRICALS LIMITED
RUPA.NS,RUPA & COMPANY LTD
RUSHIL.NS,RUSHIL DECOR LIMITED
RUSTOMJEE.NS,KEYSTONE REALTORS LIMITED
RVHL.NS,RAVINDER HEIGHTS LIMITED
RVNL.NS,RAIL VIKAS NIGAM LIMITED
RVTH.NS,REVATHI EQUIPMENT INDIA L
S&SPOWER.NS,S&S POWER SWITCHGEARS
SAAKSHI.NS,SAAKSHI MEDTEC N PANELS L
SABAR.NS,SABAR FLEX INDIA LIMITED
SABEVENTS.NS,SAB EVENTS & GOVERNANCE
SABTNL.NS,SRI ADHIKARI BRO TELE N L
SADBHAV.NS,SADBHAV ENGINEERING LTD
SADBHIN.NS,SADBHAV INFRA PROJ LTD.
SADHAV.NS,SADHAV SHIPPING LIMITED
SADHNANIQ.NS,SADHANA NITROCHEM LIMITED
SAFARI.NS,SAFARI IND (INDIA) LTD
SAGARDEEP.NS,SAGARDEEP ALLOYS LIMITED
SAGCEM.NS,SAGAR CEMENTS LIMITED
SAGILITY.NS,SAGILITY INDIA LIMITED
SAH.NS,SAH POLYMERS LIMITED
SAHAJ.NS,SAHAJ FASHIONS LIMITED
SAHAJSOLAR.NS,SAHAJ SOLAR LIMITED
SAHANA.NS,SAHANA SYSTEM LIMITED
SAHYADRI.NS,SAHYADRI INDUSTRIES LTD
SAIFL.NS,SAMEERA AGRO AND INFRA L
SAIL.NS,STEEL AUTHORITY OF INDIA
SAILIFE.NS,SAI LIFE SCIENCES LIMITED
SAKAR.NS,SAKAR HEALTHCARE LIMITED
SAKHTISUG.NS,SAKTHI SUGARS LTD
SAKSOFT.NS,SAKSOFT LIMITED
SAKUMA.NS,SAKUMA EXPORTS LIMITED
SALASAR.NS,SALASAR TECHNO ENGG. LTD.
SALONA.NS,SALONA COTSPIN LTD.
SALSTEEL.NS,S.A.L. STEEL LTD.
SALZERELEC.NS,SALZER ELECTRONICS LTD
SAMBHAAV.NS,SAMBHAAV MEDIA LTD
SAMHI.NS,SAMHI HOTELS LIMITED
SAMPANN.NS,SAMPANN UTPADAN INDIA LTD
SANATHAN.NS,SANATHAN TEXTILES LIMITED
SANCO.NS,SANCO INDUSTRIES LIMITED
SANDESH.NS,SANDESH LTD
SANDHAR.NS,SANDHAR TECHNOLOGIES LTD
SANDUMA.NS,SANDUR MANG & IRON ORES L
SANGAMIND.NS,SANGAM (INDIA) LTD
SANGANI.NS,SANGANI HOSPITALS LIMITED
SANGHIIND.NS,SANGHI INDUSTRIES LTD
SANGHVIMOV.NS,SANGHVI MOVERS LTD
SANGINITA.NS,SANGINITA CHEMICALS LTD
SANOFI.NS,SANOFI INDIA LIMITED
SANOFICONR.NS,SANOFI CONS HEALTHC IND L
SANSERA.NS,SANSERA ENGINEERING LTD
SANSTAR.NS,SANSTAR LIMITED
SANWARIA.NS,SANWARIA CONSUMER LIMITED
SAPPHIRE.NS,SAPPHIRE FOODS INDIA LTD
SARDAEN.NS,SARDA ENERGY & MIN LTD
SAREGAMA.NS,SAREGAMA INDIA LIMITED
SARLAPOLY.NS,SARLA PERF. FIBERS LTD
SAROJA.NS,SAROJA PHARMA INDUS IND L
SARTELE.NS,SAR TELEVENTURE LIMITED
SARVESHWAR.NS,SARVESHWAR FOODS LIMITED
SASKEN.NS,SASKEN TECHNOLOGIES LTD
SASTASUNDR.NS,SASTASUNDAR VENTURES LTD
SATIA.NS,SATIA INDUSTRIES LIMITED
SATIN.NS,SATIN CREDIT NET LTD
SATINDLTD.NS,SAT INDUSTRIES LIMITED
SATIPOLY.NS,SATI POLY PLAST LIMITED
SAURASHCEM.NS,SAURASHTRA CEMENT LIMITED
SBC.NS,SBC EXPORTS LIMITED
SBCL.NS,SHIVALIK BIMETAL CON. LTD
SBFC.NS,SBFC FINANCE LIMITED
SBGLP.NS,SURATWWALA BUS GROUP LTD
SBICARD.NS,SBI CARDS & PAY SER LTD
SBILIFE.NS,SBI LIFE INSURANCE CO LTD
SBIN.NS,STATE BANK OF INDIA
SCHAEFFLER.NS,SCHAEFFLER INDIA LIMITED
SCHAND.NS,S CHAND AND COMPANY LTD
SCHNEIDER.NS,SCHNEIDER ELECTRIC INFRA
SCI.NS,SHIPPING CORP OF INDIA LT
SCILAL.NS,SHIPPING CORP OF ILA LTD
SCML.NS,SHARP CHUCKS N MACHINES L
SCPL.NS,SHEETAL COOL PRODUCTS LTD
SDBL.NS,SOM DIST & BREW LTD
SEAMECLTD.NS,SEAMEC LIMITED
SECL.NS,SALASAR EXTERIOR CONT LTD
SECMARK.NS,SECMARK CONSULTANCY LTD
SECURKLOUD.NS,SECUREKLOUD TECH LIMITED
SEJALLTD.NS,SEJAL GLASS LIMITED
SEL.NS,SUNGARNER ENERGIES LTD
SELAN.NS,SELAN EXPLO. TECH LTD
SELMC.NS,SEL MANUFACTURING CO LTD
SEMAC.NS,SEMAC CONSULTANTS LIMITED
SENCO.NS,SENCO GOLD LIMITED
SENORES.NS,SENORES PHARMACEUTICALS L
SEPC.NS,SEPC LIMITED
SEQUENT.NS,SEQUENT SCIENTIFIC LTD.
SERVICE.NS,SERVICE CARE LIMITED
SERVOTECH.NS,SERVOTECH REN POW SYS LTD
SESHAPAPER.NS,SESHASAYEE PAPER & BOARDS
SETCO.NS,SETCO AUTOMOTIVE LTD
SETUINFRA.NS,SETUBANDHAN INFRA LTD
SFL.NS,SHEELA FOAM LIMITED
SGIL.NS,SYNERGY GREEN IND. LTD
SGL.NS,STL GLOBAL LIMITED
SGLTL.NS,STANDARD GLASS LIN TECH L
SHAHALLOYS.NS,SHAH ALLOYS LIMITED
SHAILY.NS,SHAILY ENG PLASTICS LTD
SHAIVAL.NS,SHAIVAL REALITY LIMITED
SHAKTIPUMP.NS,SHAKTI PUMPS (I) LTD
SHALBY.NS,SHALBY LIMITED
SHALPAINTS.NS,SHALIM PAINTS LTD
SHANKARA.NS,SHANKARA BLDG PRODUCT LTD
SHANTHALA.NS,SHANTHALA FMCG PRODUCTS L
SHANTI.NS,SHANTI OVERSEAS INDIA LTD
SHANTIGEAR.NS,SHANTHI GEARS LTD
SHARDACROP.NS,SHARDA CROPCHEM LTD.
SHARDAMOTR.NS,SHARDA MOTOR INDS LTD
SHAREINDIA.NS,SHARE IND. SECURITIES LTD
SHEETAL.NS,SHEETAL UNIVERSAL LIMITED
SHEKHAWATI.NS,SHEKHAWATI INDUSTRIES LTD
SHEMAROO.NS,SHEMAROO ENTER. LTD.
SHERA.NS,SHERA ENERGY LIMITED
SHIGAN.NS,SHIGAN QUANTUM TECH LTD
SHILPAMED.NS,SHILPA MEDICARE LTD
SHIVALIK.NS,SHIVALIK RASAYAN LIMITED
SHIVAMAUTO.NS,SHIVAM AUTO.LTD
SHIVAMILLS.NS,SHIVA MILLS LIMITED
SHIVATEX.NS,SHIVA TEXYARN LIMITED
SHIVAUM.NS,SHIV AUM STEELS LIMITED
SHK.NS,S H KELKAR AND CO. LTD.
SHOPERSTOP.NS,SHOPPERS STOP LIMITED
SHRADHA.NS,SHRADHA INFRAPROJECTS LTD
SHREDIGCEM.NS,SHREE DIGVIJAY CEM CO LTD
SHREECEM.NS,SHREE CEMENT LIMITED
SHREEKARNI.NS,SHREE KARNI FABCOM LTD
SHREEOSFM.NS,SHREE OSFM E-MOBILITY LTD
SHREEPUSHK.NS,SHRE PUSH CHEM & FERT LTD
SHREERAMA.NS,SHREE RAMA MULTI TECH LTD
SHREMINVIT.NS,SHREM INVIT
SHRENIK.NS,SHRENIK LIMITED
SHREYANIND.NS,SHREYANS INDUSTRIES LTD
SHRIPISTON.NS,SHRIRAM PIST. & RING LTD
SHRIRAMFIN.NS,SHRIRAM FINANCE LIMITED
SHRIRAMPPS.NS,SHRIRAM PROPERTIES LTD
SHRITECH.NS,SHRI TECHTEX LIMITED
SHUBHLAXMI.NS,SHUBHLAXMI JEWEL ART LTD
SHYAMCENT.NS,SHYAM CENTURY FERROUS LTD
SHYAMMETL.NS,SHYAM METALICS AND ENGY L
SHYAMTEL.NS,SHYAM TELECOM LIMITED
SICALLOG.NS,SICAL LOGISTICS LIMITED
SIDDHIKA.NS,SIDDHIKA COATINGS LIMITED
SIEMENS.NS,SIEMENS LTD
SIGACHI.NS,SIGACHI INDUSTRIES LTD
SIGIND.NS,SIGNET INDUSTRIES LIMITED
SIGMA.NS,SIGMA SOLVE LIMITED
SIGNATURE.NS,SIGNATUREGLOBAL INDIA LTD
SIGNORIA.NS,SIGNORIA CREATION LIMITED
SIGNPOST.NS,SIGNPOST INDIA LIMITED
SIKKO.NS,SIKKO INDUSTRIES LIMITED
SIL.NS,STANDARD INDUSTRIES LTD.
SILGO.NS,SILGO RETAIL LIMITED
SILINV.NS,SIL INVESTMENTS LIMITED
SILKFLEX.NS,SILKFLEX POLYMERS INDIA L
SILLYMONKS.NS,SILLY MONKS ENTERTAIN LTD
SILVERTUC.NS,SILVER TOUCH TECHNO LTD
SIMBHALS.NS,SIMBHAOLI SUGARS LTD.
SIMPLEXINF.NS,SIMPLEX INFRASTRUCTURES L
SINCLAIR.NS,SINCLAIRS HOTELS LIMITED
SINDHUTRAD.NS,SINDHU TRADE LINKS LTD
SINTERCOM.NS,SINTERCOM INDIA LIMITED
SIRCA.NS,SIRCA PAINT INDIA LIMITED
SIS.NS,SIS LIMITED
SITINET.NS,SITI NETWORKS LIMITED
SIYSIL.NS,SIYARAM SILK MILLS LTD
SJLOGISTIC.NS,S J LOGISTICS (INDIA) LTD
SJS.NS,SJS ENTERPRISES LIMITED
SJVN.NS,SJVN LTD
SKFINDIA.NS,SKF INDIA LTD
SKIPPER.NS,SKIPPER LIMITED
SKMEGGPROD.NS,SKM EGG PROD EXPORT(I) LT
SKP.NS,SKP BEARING INDUSTRI. LTD
SKYGOLD.NS,SKY GOLD LIMITED
SLONE.NS,SLONE INFOSYSTEMS LIMITED
SMARTLINK.NS,SMARTLINK HOLDINGS LTD
SMCGLOBAL.NS,SMC GLOBAL SECURITIES LTD
SMLISUZU.NS,SML ISUZU LIMITED
SMLT.NS,SARTHAK METALS LIMITED
SMSLIFE.NS,SMS LIFESCIENCES (I) LTD
SMSPHARMA.NS,SMS PHARMACEUTICALS LTD.
SMVD.NS,SMVD POLY PACK LIMITED
SNOWMAN.NS,SNOWMAN LOGISTICS LTD.
SOBHA.NS,SOBHA LIMITED
SOFTTECH.NS,SOFTTECH ENGINEERS LTD
SOLARA.NS,SOLARA ACTIVE PHA SCI LTD
SOLARINDS.NS,SOLAR INDUSTRIES (I) LTD
SOMANYCERA.NS,SOMANY CERAMICS LIMITED
SOMATEX.NS,SOMA TEXTILEI NDUSTRIES L
SOMICONVEY.NS,SOMI CONVEYOR BELT. LTD.
SONACOMS.NS,SONA BLW PRECISION FRGS L
SONAMAC.NS,SONA MACHINERY LIMITED
SONAMLTD.NS,SONAM LIMITED
SONATSOFTW.NS,SONATA SOFTWARE LTD
SONUINFRA.NS,SONU INFRATECH LIMITED
SOTAC.NS,SOTAC PHARMACEUTICALS LTD
SOTL.NS,SAVITA OIL TECHNOLO. LTD
SOUTHBANK.NS,THE SOUTH INDIAN BANK LTD
SOUTHWEST.NS,SOUTH WEST PINNACLE LTD
SPAL.NS,S. P. APPARELS LIMITED
SPANDANA.NS,SPANDANA SPHOORTY FIN LTD
SPARC.NS,SUN PHARMA ADV.RES.CO.LTD
SPCENET.NS,SPACENET ENTERS IND LTD
SPCL.NS,SHIVALIC POWER CONTROL L
SPECIALITY.NS,SPECIALITY REST LTD
SPECTRUM.NS,SPECTRUM ELECTRIC IND LTD
SPECTSTM.NS,SPECTRUM TALENT MGMT LTD
SPENCERS.NS,SPENCER S RETAIL LIMITED
SPIC.NS,SPIC LTD
SPLIL.NS,SPL INDUSTRIES LIMITED
SPLPETRO.NS,SUPREME PETROCHEM LIMITED
SPMLINFRA.NS,SPML INFRA LIMITED
SPORTKING.NS,SPORTKING INDIA LIMITED
SPRL.NS,SP REFRACTORIES LIMITED
SRD.NS,SHANKAR LAL RAMPAL LTD
SREEL.NS,SREELEATHERS LIMITED
SRF.NS,SRF LTD
SRGHFL.NS,SRG HOUSING FINANCE L
SRHHYPOLTD.NS,SREE RAYALSEEMA HHP LTD.
SRIVASAVI.NS,SRIVASAVI ADHESIVE TAPE L
SRM.NS,SRM CONTRACTORS LIMITED
SRPL.NS,SHREE RAM PROTEINS LTD.
SSDL.NS,SARASWATI SAREE DEPOT LTD
SSFL.NS,SRIVARI SPICES N FOODS L
SSWL.NS,STEEL STRIPS WHEELS LTD.
STANLEY.NS,STANLEY LIFESTYLES LTD
STAR.NS,STRIDES PHARMA SCI LTD
STARCEMENT.NS,STAR CEMENT LIMITED
STARHEALTH.NS,STAR HEALTH & AL INS CO L
STARPAPER.NS,STAR PAPER MILLS LTD
STARTECK.NS,STARTECK FINANCE LIMITED
STCINDIA.NS,THE STATE TRADING CORPN
STEELCAS.NS,STEELCAST LIMITED
STEELCITY.NS,STEEL CITY SECURITIES LTD
STEELXIND.NS,STEEL EXCHANGE INDIA LTD
STEL.NS,STEL HOLDINGS LIMITED
STERTOOLS.NS,STERLING TOOLS LIMITED
STLTECH.NS,STERLITE TECHNOLOGIES LTD
STOVEKRAFT.NS,STOVE KRAFT LIMITED
STYLAMIND.NS,STYLAM INDUSTRIES LIMITED
STYLEBAAZA.NS,BAAZAR STYLE RETAIL LTD
SUBEXLTD.NS,SUBEX LTD
SUBROS.NS,SUBROS LIMITED
SUDARSCHEM.NS,SUDARSHAN CHEMICAL INDS L
SUKHJITS.NS,SUKHJIT STARCH & CHEM LTD
SULA.NS,SULA VINEYARDS LIMITED
SUMICHEM.NS,SUMITOMO CHEM INDIA LTD
SUMIT.NS,SUMIT WOODS LIMITED
SUMMITSEC.NS,SUMMIT SECURITIES LTD
SUNCLAY.NS,SUNDARAM CLAYTON LIMITED
SUNDARAM.NS,SUNDARAM MULTI PAP LTD
SUNDARMFIN.NS,SUNDARAM FINANCE LTD
SUNDARMHLD.NS,SUNDARAM FINANCE HOLD LTD
SUNDRMBRAK.NS,SUNDARAMBRAKE LININGS LTD
SUNDRMFAST.NS,SUNDRAM FASTENERS LTD
SUNFLAG.NS,SUNFLAG IRON AND STEEL CO
SUNPHARMA.NS,SUN PHARMACEUTICAL IND L
SUNREST.NS,SUNREST LIFESCIENCE LTD
SUNTECK.NS,SUNTECK REALTY LIMITED
SUNTV.NS,SUN TV NETWORK LIMITED
SUPERHOUSE.NS,SUPERHOUSE LIMITED
SUPERSPIN.NS,SUPER SPINNING MILLS LTD
SUPRAJIT.NS,SUPRAJIT ENGINEERING LTD
SUPREMEENG.NS,SUPREME ENGINEERING LTD
SUPREMEIND.NS,SUPREME INDUSTRIES LTD
SUPREMEINF.NS,SUPREME INFRA. LTD
SUPREMEPWR.NS,SUPREME POWER EQUIPMENT L
SUPRIYA.NS,SUPRIYA LIFESCIENCE LTD
SURAJEST.NS,SURAJ ESTATE DEVELOPERS L
SURAJLTD.NS,SURAJ LIMITED
SURAKSHA.NS,SURAKSHA DIAGNOSTIC LTD
SURANASOL.NS,SURANA SOLAR LIMITED
SURANAT&P.NS,SURANA TELECOM AND POW LT
SURANI.NS,SURANI STEEL TUBES LTD.
SURYALAXMI.NS,SURYALAKSHMI COT MIL LTD
SURYAROSNI.NS,SURYA ROSHNI LTD
SURYODAY.NS,SURYODAY SMALL FIN BK LTD
SUTLEJTEX.NS,SUTLEJ TEXT & INDUS LTD
SUULD.NS,SUUMAYA INDUSTRIES LTD
SUVEN.NS,SUVEN LIFE SCIENCES LTD
SUVENPHAR.NS,SUVEN PHARMACEUTICALS LTD
SUVIDHAA.NS,SUVIDHAA INFOSERVE LTD
SUYOG.NS,SUYOG TELEMATICS LIMITED
SUZLON.NS,SUZLON ENERGY LIMITED
SVLL.NS,SHREE VASU LOGISTICS LTD
SVPGLOB.NS,SVP GLOBAL TEXTILES LTD
SWANENERGY.NS,SWAN ENERGY LIMITED
SWARAJ.NS,SWARAJ SUITING LIMITED
SWARAJENG.NS,SWARAJ ENGINES LTD
SWASTIK.NS,SWASTIK PIPE LIMITED
SWELECTES.NS,SWELECT ENERGY SYS LTD
SWIGGY.NS,SWIGGY LIMITED
SWSOLAR.NS,STRLNG & WIL REN ENE LTD
SYLVANPLY.NS,SYLVAN PLYBOARD (INDIA) L
SYMPHONY.NS,SYMPHONY LIMITED
SYNCOMF.NS,SYNCOM FORMU (I) LTD
SYNGENE.NS,SYNGENE INTERNATIONAL LTD
SYNOPTICS.NS,SYNOPTICS TECHNOLOGIES L
SYRMA.NS,SYRMA SGS TECHNOLOGY LTD
SYSTANGO.NS,SYSTANGO TECHNOLOGIES LTD
TAC.NS,TAC INFOSEC LIMITED
TAINWALCHM.NS,TAINWALA CHEMICAL AND PLA
TAJGVK.NS,TAJ GVK HOTELS & RESORTS
TAKE.NS,TAKE SOLUTIONS LTD
TALBROAUTO.NS,TALBROS AUTO. COMP. LTD
TANLA.NS,TANLA PLATFORMS LIMITED
TAPIFRUIT.NS,TAPI FRUIT PROCESSING LTD
TARACHAND.NS,TARA CHAND INFRA SOLN LTD
TARAPUR.NS,TARAPUR TRANSFORMERS LTD
TARC.NS,TARC LIMITED
TARIL.NS,TRANS & RECTI. LTD
TARMAT.NS,TARMAT LIMITED
TARSONS.NS,TARSONS PRODUCTS LIMITED
TASTYBITE.NS,TASTY BITE EATABLES LTD
TATACHEM.NS,TATA CHEMICALS LTD
TATACOMM.NS,TATA COMMUNICATIONS LTD
TATACONSUM.NS,TATA CONSUMER PRODUCT LTD
TATAELXSI.NS,TATA ELXSI LIMITED
TATAINVEST.NS,TATA INVESTMENT CORP LTD
TATAMOTORS.NS,TATA MOTORS LIMITED
TATAPOWER.NS,TATA POWER CO LTD
TATASTEEL.NS,TATA STEEL LIMITED
TATATECH.NS,TATA TECHNOLOGIES LIMITED
TATVA.NS,TATVA CHIN PHARM CHEM LTD
TBI.NS,TBI CORN LIMITED
TBOTEK.NS,TBO TEK LIMITED
TBZ.NS,TRIB BHIMJI ZAVERI LTD
TCI.NS,TRANSPORT CORPN OF INDIA
TCIEXP.NS,TCI EXPRESS LIMITED
TCIFINANCE.NS,TCIFINANCELTD-ROLL SETT
TCL.NS,THAAI CASTING LIMITED
TCLCONS.NS,TANTIA CONSTRUCTIONS LTD
TCPLPACK.NS,TCPL PACKAGING LIMITED
TCS.NS,TATA CONSULTANCY SERV LT
TDPOWERSYS.NS,TD POWER SYSTEMS LTD.
TEAMLEASE.NS,TEAMLEASE SERVICES LTD.
TECHLABS.NS,TRIDENT TECHLABS LIMITED
TECHM.NS,TECH MAHINDRA LIMITED
TECHNOE.NS,TECHNO ELEC & ENG CO. LTD
TECILCHEM.NS,TECIL CHEMICALS
TEGA.NS,TEGA INDUSTRIES LIMITED
TEJASNET.NS,TEJAS NETWORKS LIMITED
TEMBO.NS,TEMBO GLOBAL IND LTD
TERASOFT.NS,TERA SOFTWARE LIMITED
TEXINFRA.NS,TEXMACO INFRA & HOLDG LTD
TEXMOPIPES.NS,TEXMO PIPE & PRODUCTS LTD
TEXRAIL.NS,TEXMACO RAIL & ENG. LTD.
TFCILTD.NS,TOURISM FINANCE CORP. OF
TFL.NS,TRANSWARRANTY FIN. LTD.
TGBHOTELS.NS,TGB BANQUETS&HOTELS LTD
TGL.NS,TEERTH GOPICON LIMITED
THANGAMAYL.NS,THANGAMAYIL JEWELLERY LTD
THEINVEST.NS,THE INVEST TRUST OF IND L
THEJO.NS,THEJO ENGINEERING LIMITED
THEMISMED.NS,THEMIS MEDICARE LTD.
THERMAX.NS,THERMAX LTD
THOMASCOOK.NS,THOMAS COOK (INDIA) LTD
THOMASCOTT.NS,THOMAS SCOTT (INDIA) LTD
THYROCARE.NS,THYROCARE TECH LTD
TI.NS,TILAKNAGAR INDUSTRIES LTD
TIIL.NS,TECHNOCRAFT IND LTD
TIINDIA.NS,TUBE INVEST OF INDIA LTD
TIJARIA.NS,TIJARIA POLYPIPES LTD
TIL.NS,TIL LTD
TIMESCAN.NS,TIMESCAN LOGISTICS IND L
TIMESGTY.NS,TIMES GUARANTY LIMITED
TIMETECHNO.NS,TIME TECHNOPLAST LTD.
TIMKEN.NS,TIMKEN INDIA LTD.
TIPSFILMS.NS,TIPS FILMS LIMITED
TIPSMUSIC.NS,TIPS MUSIC LIMITED
TIRUMALCHM.NS,THIRUMALAI CHEMICALS LTD
TIRUPATI.NS,SHREE TIRUPATI BALAJEE
TIRUPATIFL.NS,TIRUPATI FORGE LIMITED
TITAGARH.NS,TITAGARH RAIL SYSTEMS LTD
TITAN.NS,TITAN COMPANY LIMITED
TMB.NS,TAMILNAD MERCA BANK LTD
TNPETRO.NS,TAMILNADU PETROPRODUCTS L
TNPL.NS,TAMILNADU NEWSPRT & PAPER
TNTELE.NS,TAMILNADU TELECOMMUNICATI
TOKYOPLAST.NS,TOKYO PLAST INTL LTD
TOLINS.NS,TOLINS TYRES LIMITED
TORNTPHARM.NS,TORRENT PHARMACEUTICALS L
TORNTPOWER.NS,TORRENT POWER LTD
TOTAL.NS,TOTAL TRANSPORT SYS LTD
TOUCHWOOD.NS,TOUCHWOOD ENTERTAIN LTD.
TPLPLASTEH.NS,TPL PLASTECH LIMITED
TRACXN.NS,TRACXN TECHNOLOGIES LTD
TRANSRAILL.NS,TRANSRAIL LIGHTING LTD
TRANSTEEL.NS,TRANSTEEL SEATING TECH L
TRANSWIND.NS,TRANSWIND INFRA LIMITED
TRANSWORLD.NS,TRANSWORLD SHIP LINES LTD
TREEHOUSE.NS,TREE HOUSE EDU LTD
TREJHARA.NS,TREJHARA SOLUTIONS LTD
TREL.NS,TRANSINDIA REAL ESTATE L
TRENT.NS,TRENT LTD
TRF.NS,TRF LIMITED
TRIDENT.NS,TRIDENT LIMITED
TRIDHYA.NS,TRIDHYA TECH LIMITED
TRIGYN.NS,TRIGYN TECHNOLOGIES LTD
TRITURBINE.NS,TRIVENI TURBINE LIMITED
TRIVENI.NS,TRIVENI ENGG. & INDS. LTD
TRUST.NS,TRUST FINTECH LIMITED
TTKHLTCARE.NS,TTK HEALTHCARE LIMITED
TTKPRESTIG.NS,TTK PRESTIGE LTD
TTL.NS,T T LIMITED
TTML.NS,TATA TELESERV(MAHARASTRA)
TUNWAL.NS,TUNWAL E-MOTORS LIMITED
TVSELECT.NS,TVS ELECTRONICS LTD
TVSHLTD.NS,TVS HOLDINGS LIMITED
TVSMOTOR.NS,TVS MOTOR COMPANY  LTD
TVSSCS.NS,TVS SUPPLY CHAIN SOL L
TVSSRICHAK.NS,TVS SRICHAKRA LIMITED
TVTODAY.NS,TV TODAY NETWORK LTD
TVVISION.NS,TV VISION LIMITED
UBL.NS,UNITED BREWERIES LTD
UCAL.NS,UCAL LIMITED
UCL.NS,USHANTI COLOUR CHEM LTD
UCOBANK.NS,UCO BANK
UDAICEMENT.NS,UDAIPUR CEMENT WORKS LTD
UDS.NS,UPDATER SERVICES LIMITED
UFLEX.NS,UFLEX LIMITED
UFO.NS,UFO MOVIEZ INDIA LTD.
UGARSUGAR.NS,THE UGAR SUGAR WORKS LTD
UGROCAP.NS,UGRO CAPITAL LIMITED
UJJIVANSFB.NS,UJJIVAN SMALL FINANC BANK
ULTRACEMCO.NS,ULTRATECH CEMENT LIMITED
UMA.NS,UMA CONVERTER LIMITED
UMAEXPORTS.NS,UMA EXPORTS LIMITED
UMANGDAIRY.NS,UMANG DAIRIES LIMITED
UMESLTD.NS,USHA MARTIN EDU & SOL LTD
UNICHEMLAB.NS,UNICHEM LABORATORIES LTD
UNIDT.NS,UNITED DRILLING TOOLS LTD
UNIECOM.NS,UNICOMMERCE ESOLUTIONS L
UNIENTER.NS,UNIPHOS ENTERPRISES LTD
UNIHEALTH.NS,UNIHEALTH HOSPITALS LTD
UNIINFO.NS,UNIINFO TELECOM SERVI LTD
UNIMECH.NS,UNIMECH AEROSPACE N MFG L
UNIONBANK.NS,UNION BANK OF INDIA
UNIPARTS.NS,UNIPARTS INDIA LIMITED
UNITECH.NS,UNITECH LIMITED
UNITEDPOLY.NS,UNITED POLYFAB GUJ. LTD.
UNITEDTEA.NS,UNITED NILGIRI TEA LTD
UNIVASTU.NS,UNIVASTU INDIA LIMITED
UNIVCABLES.NS,UNIVERSAL CABLES LTD
UNIVPHOTO.NS,UNIVERSUS IMAGINGS LTD
UPL.NS,UPL LIMITED
URAVIDEF.NS,URAVI DEFENCE &TECH LTD
URBAN.NS,URBAN ENVIRO WASTE MGMT L
URJA.NS,URJA GLOBAL LIMITED
USASEEDS.NS,UPSURGE SEEDS OF AGRI LTD
USHAMART.NS,USHA MARTIN LTD.
USK.NS,UDAYSHIVAKUMAR INFRA LTD
UTIAMC.NS,UTI ASSET MNGMT CO LTD
UTKARSHBNK.NS,UTKARSH SMALL FIN BANK L
UTTAMSUGAR.NS,UTTAM SUGAR MILLS LTD.
UWCSL.NS,ULTRA WIRING CONN SYS LTD
UYFINCORP.NS,U. Y. FINCORP LIMITED
WIPRO.NS,WIPRO LIMITED
WABAG.NS,VA Tech Wabag Limited
V2RETAIL.NS,V2 RETAIL LIMITED
VADILALIND.NS,VADILAL INDUSTRIES LTD
VAIBHAVGBL.NS,VAIBHAV GLOBAL LIMITED
VAISHALI.NS,VAISHALI PHARMA LIMITED
VAKRANGEE.NS,VAKRANGEE LIMITED
VALIANTLAB.NS,VALIANT LABORATORIES LTD
VALIANTORG.NS,VALIANT ORGANICS LIMITED
VARDHACRLC.NS,VARDHAMAN ACRYLICS LTD
VARDMNPOLY.NS,VARDHMAN POLYTEX LTD.
VARROC.NS,VARROC ENGINEERING LTD.
VASA.NS,VASA RETAIL & OVERSEA LTD
VASCONEQ.NS,VASCON ENGINEERS LTD
VASWANI.NS,VASWANI IND LTD
VBL.NS,VARUN BEVERAGES LIMITED
VCL.NS,VAXTEX COTFAB LIMITED
VEDL.NS,VEDANTA LIMITED
VEEDOL.NS,VEEDOL CORPORATION LTD
VEEKAYEM.NS,VEEKAYEM FASH & APP LTD
VELS.NS,VELS FILM INTERNATIONAL L
VENKEYS.NS,VENKY S (INDIA) LIMITED
VENTIVE.NS,VENTIVE HOSPITALITY LTD
VENUSPIPES.NS,VENUS PIPES & TUBES LTD
VENUSREM.NS,VENUS REMEDIES LIMITED
VERA.NS,VERA SYNTHETIC LIMITED
VERANDA.NS,VERANDA LEARNING SOL LTD
VERITAAS.NS,VERITAAS ADVERTISING LTD
VERTEXPLUS.NS,VERTEXPLUS TECHNOLOGIES L
VERTOZ.NS,VERTOZ LIMITED
VESUVIUS.NS,VESUVIUS INDIA LTD
VETO.NS,VETO SWITCHGEAR CABLE LTD
VGUARD.NS,V-GUARD IND LTD.
VHL.NS,VARDHMAN HOLDINGS LIMITED
VHLTD.NS,VICEROY HOTELS LIMITED
VIAZ.NS,VIAZ TYRES LIMITED
VIDHIING.NS,VIDHI SPCLTY F INGRDNTS L
VIJAYA.NS,VIJAYA DIAGNOSTIC CEN LTD
VIJIFIN.NS,VIJI FINANCE LIMITED
VIKASECO.NS,VIKAS ECOTECH LIMITED
VIKASLIFE.NS,VIKAS LIFECARE LIMITED
VILAS.NS,VILAS TRANSCORE LIMITED
VILINBIO.NS,VILIN BIO MED LIMITED
VIMTALABS.NS,VIMTA LABS LIMITED
VINATIORGA.NS,VINATI ORGANICS LTD
VINCOFE.NS,VINTAGE COFFEE N BVRGS L
VINDHYATEL.NS,VINDHYA TELELINKS LTD
VINEETLAB.NS,VINEET LABORATORIES LTD
VINNY.NS,VINNY OVERSEAS LIMITED
VINSYS.NS,VINSYS IT SERVICES IND LT
VINYAS.NS,VINYAS INNOVATIVE TECH L
VINYLINDIA.NS,VINYL CHEMICALS (I) LTD.
VIPCLOTHNG.NS,VIP CLOTHING LIMITED
VIPIND.NS,VIP INDUSTRIES LTD
VIPULLTD.NS,VIPUL LIMITED
VIRINCHI.NS,VIRINCHI LIMITED
VISAKAIND.NS,VISAKA INDUSTRIES LIMITED
VISAMAN.NS,VISAMAN GLOBAL SALES LTD
VISHNU.NS,VISHNU CHEMICALS LIMITED
VISHNUINFR.NS,VISHNUSURYA PROJ N INFR L
VISHWARAJ.NS,VISHWARAJ SUGAR IND LTD
VISHWAS.NS,VISHWAS AGRI SEEDS LTD
VITAL.NS,VITAL CHEMTECH LIMITED
VIVIANA.NS,VIVIANA POWER TECH LTD
^NSEI,NIFTY 50
^NSEBANK,NIFTY BANK
